x_val,y_val
14:15:33,22.799999
14:15:34,22.799999
14:15:35,22.799999
14:15:37,22.799999
14:15:38,22.799999
14:15:39,22.799999
14:15:40,22.799999
14:15:41,22.799999
14:15:42,22.799999
14:15:44,22.799999
14:15:45,22.799999
14:15:46,22.799999
14:15:47,22.799999
14:15:49,22.799999
14:15:50,22.799999
14:15:51,22.799999
14:15:52,22.799999
14:15:53,22.799999
14:15:54,22.799999
14:15:55,22.799999
14:15:57,22.799999
14:15:58,22.799999
14:15:59,22.799999
14:16:0,22.799999
14:16:1,22.799999
14:16:2,22.799999
14:16:4,22.799999
14:16:5,22.799999
14:16:6,22.799999
14:16:7,22.799999
14:16:9,22.799999
14:16:10,22.799999
14:16:11,22.799999
14:16:12,22.799999
14:16:14,22.799999
14:16:15,22.799999
14:16:16,22.799999
14:16:17,22.799999
14:16:18,22.799999
14:16:19,22.799999
14:16:20,22.799999
14:16:21,22.799999
14:16:23,22.799999
14:16:24,22.799999
14:16:25,22.799999
14:16:26,22.799999
14:16:27,22.799999
14:16:28,22.799999
14:16:29,22.799999
14:16:31,22.799999
14:16:32,22.799999
14:16:33,22.799999
14:16:34,22.799999
14:16:35,22.799999
14:16:36,22.799999
14:16:38,22.799999
14:16:39,22.799999
14:16:40,22.799999
14:16:41,22.799999
14:16:42,22.799999
14:16:44,23.299999
14:16:45,23.299999
14:16:46,23.299999
14:16:47,23.299999
14:16:48,23.299999
14:16:49,23.299999
14:16:50,23.299999
14:16:52,23.299999
14:16:53,23.299999
14:16:54,23.299999
14:16:55,23.299999
14:16:56,23.299999
14:16:58,23.299999
14:16:59,23.299999
14:17:0,23.299999
14:17:1,23.299999
14:17:2,23.299999
14:17:3,23.299999
14:17:5,23.299999
14:17:6,23.299999
14:17:7,23.299999
14:17:8,23.299999
14:17:9,23.299999
14:17:10,23.299999
14:17:11,23.299999
14:17:13,23.299999
14:17:14,23.299999
14:17:15,23.299999
14:17:16,23.299999
14:17:17,23.299999
14:17:18,23.299999
14:17:19,23.299999
14:17:21,23.299999
14:17:22,23.299999
14:17:23,23.299999
14:17:24,23.299999
14:17:25,23.299999
14:17:26,23.299999
14:17:28,23.299999
14:17:29,23.299999
14:17:30,23.299999
14:17:31,23.299999
14:17:32,23.299999
14:17:33,23.299999
14:17:34,23.299999
14:17:35,23.299999
14:17:36,23.299999
14:17:38,23.299999
14:17:39,23.299999
14:17:40,23.299999
14:17:41,23.299999
14:17:42,23.299999
14:17:43,23.299999
14:17:44,23.299999
14:17:46,23.299999
14:17:47,23.299999
14:17:48,23.299999
14:17:49,23.299999
14:17:50,23.299999
14:17:51,23.299999
14:17:52,23.299999
14:17:54,23.299999
14:17:55,23.299999
14:17:56,23.299999
14:17:57,23.299999
14:17:58,23.299999
14:17:59,23.299999
14:18:0,23.299999
14:18:2,23.299999
14:18:3,23.299999
14:18:4,23.299999
14:18:5,23.299999
14:18:6,23.299999
14:18:7,23.299999
14:18:9,23.299999
14:18:10,23.299999
14:18:11,23.299999
14:18:12,23.299999
14:18:13,23.299999
14:18:15,23.299999
14:18:16,23.299999
14:18:17,23.299999
14:18:18,23.299999
14:18:19,23.299999
14:18:20,23.299999
14:18:21,23.299999
14:18:23,23.299999
14:18:24,23.299999
14:18:25,23.299999
14:18:26,23.299999
14:18:27,23.299999
14:18:28,23.299999
14:18:30,23.299999
14:18:31,23.299999
14:18:32,23.299999
14:18:33,23.299999
14:18:34,23.299999
14:18:35,23.299999
14:18:36,23.299999
14:18:37,23.299999
14:18:39,23.299999
14:18:40,23.299999
14:18:41,23.299999
14:18:42,23.299999
14:18:43,23.299999
14:18:45,23.299999
14:18:46,23.299999
14:18:47,23.299999
14:18:48,23.299999
14:18:49,23.299999
14:18:50,23.299999
14:18:51,23.299999
14:18:52,23.299999
14:18:54,23.299999
14:18:55,23.299999
14:18:56,23.299999
14:18:57,23.299999
14:18:58,23.299999
14:19:0,23.299999
14:19:1,23.299999
14:19:2,23.299999
14:19:3,23.299999
14:19:4,23.299999
14:19:5,23.299999
14:19:6,23.299999
14:19:8,23.299999
14:19:9,23.299999
14:19:10,23.299999
14:19:11,23.299999
14:19:12,23.299999
14:19:14,23.299999
14:19:15,23.299999
14:19:16,23.299999
14:19:17,23.299999
14:19:18,23.299999
14:19:19,23.299999
14:19:21,23.299999
14:19:22,23.299999
14:19:23,23.299999
14:19:24,23.299999
14:19:25,23.299999
14:19:26,23.299999
14:19:27,23.299999
14:19:29,23.299999
14:19:30,23.299999
14:19:31,23.299999
14:19:32,23.299999
14:19:33,23.299999
14:19:34,23.299999
14:19:35,23.299999
14:19:36,23.299999
14:19:37,23.299999
14:19:39,23.299999
14:19:40,23.299999
14:19:41,23.299999
14:19:42,23.299999
14:19:43,23.299999
14:19:44,23.299999
14:19:46,23.299999
14:19:47,23.299999
14:19:48,23.299999
14:19:49,23.299999
14:19:50,23.299999
14:19:52,23.299999
14:19:53,23.299999
14:19:54,23.299999
14:19:55,23.299999
14:19:57,23.299999
14:19:58,23.299999
14:19:59,23.299999
14:20:0,23.299999
14:20:1,23.299999
14:20:2,23.299999
14:20:4,23.299999
14:20:5,23.4
14:20:6,23.4
14:20:7,23.4
14:20:9,23.4
14:20:10,23.4
14:20:11,23.4
14:20:12,23.4
14:20:13,23.4
14:20:14,23.4
14:20:15,23.4
14:20:16,23.4
14:20:18,23.4
14:20:19,23.4
14:20:20,23.4
14:20:21,23.4
14:20:23,23.4
14:20:24,23.4
14:20:25,23.4
14:20:26,23.4
14:20:27,23.4
14:20:29,23.4
14:20:30,23.4
14:20:31,23.4
14:20:32,23.4
14:20:33,23.4
14:20:35,23.4
14:20:36,23.4
14:20:37,23.4
14:20:38,23.4
14:20:39,23.4
14:20:41,23.4
14:20:42,23.4
14:20:43,23.4
14:20:45,23.4
14:20:46,23.4
14:20:47,23.4
14:20:48,23.4
14:20:50,23.4
14:20:51,23.4
14:20:52,23.4
14:20:53,23.4
14:20:55,23.4
14:20:56,23.4
14:20:57,23.4
14:20:58,23.4
14:21:0,23.4
14:21:1,23.4
14:21:2,23.4
14:21:3,23.4
14:21:5,23.4
14:21:6,23.4
14:21:7,23.4
14:21:8,23.4
14:21:10,23.4
14:21:11,23.4
14:21:12,23.4
14:21:13,23.4
14:21:15,23.4
14:21:16,23.4
14:21:17,23.4
14:21:18,23.4
14:21:19,23.4
14:21:20,23.4
14:21:22,23.4
14:21:23,23.4
14:21:24,23.4
14:21:25,23.4
14:21:27,23.4
14:21:28,23.4
14:21:29,23.4
14:21:30,23.4
14:21:31,23.4
14:21:32,23.4
14:21:34,23.4
14:21:35,23.4
14:21:36,23.4
14:21:37,23.4
14:21:39,23.4
14:21:40,23.4
14:21:41,23.4
14:21:42,23.4
14:21:44,23.4
14:21:45,23.4
14:21:46,23.4
14:21:47,23.4
14:21:48,23.4
14:21:50,23.4
14:21:51,23.4
14:21:52,23.4
14:21:53,23.4
14:21:55,23.4
14:21:56,23.4
14:21:57,23.4
14:21:58,23.4
14:22:0,23.4
14:22:1,23.4
14:22:2,23.4
14:22:3,23.4
14:22:5,23.4
14:22:6,23.4
14:22:7,23.4
14:22:8,23.4
14:22:10,23.4
14:22:11,23.4
14:22:12,23.4
14:22:13,23.4
14:22:15,23.4
14:22:16,23.4
14:22:17,23.4
14:22:18,23.4
14:22:19,23.4
14:22:20,23.4
14:22:22,23.4
14:22:23,23.4
14:22:24,23.4
14:22:25,23.4
14:22:27,23.4
14:22:28,23.4
14:22:29,23.4
14:22:30,23.4
14:22:31,23.4
14:22:33,23.4
14:22:34,23.4
14:22:35,23.4
14:22:36,23.4
14:22:37,23.4
14:22:39,23.4
14:22:40,23.4
14:22:41,23.4
14:22:42,23.4
14:22:44,23.4
14:22:45,23.4
14:22:46,23.4
14:22:47,23.4
14:22:49,23.4
14:22:50,23.4
14:22:51,23.4
14:22:52,23.4
14:22:53,23.4
14:22:55,23.4
14:22:56,23.4
14:22:57,23.4
14:22:58,23.4
14:23:0,23.4
14:23:1,23.4
14:23:2,23.4
14:23:3,23.4
14:23:4,23.4
14:23:6,23.4
14:23:7,23.4
14:23:8,23.4
14:23:9,23.4
14:23:11,23.4
14:23:12,23.4
14:23:13,23.4
14:23:14,23.4
14:23:15,23.4
14:23:17,23.4
14:23:18,23.4
14:23:19,23.4
14:23:20,23.4
14:23:21,23.4
14:23:23,23.4
14:23:24,23.4
14:23:25,23.4
14:23:26,23.4
14:23:28,23.4
14:23:29,23.4
14:23:30,23.4
14:23:31,23.4
14:23:32,23.4
14:23:34,23.4
14:23:35,23.4
14:23:36,23.4
14:23:37,23.4
14:23:39,23.4
14:23:40,23.4
14:23:41,23.4
14:23:42,23.4
14:23:43,23.4
14:23:45,23.4
14:23:46,23.4
14:23:47,23.4
14:23:48,23.4
14:23:50,23.4
14:23:51,23.4
14:23:52,23.4
14:23:53,23.4
14:23:54,23.4
14:23:56,23.4
14:23:57,23.4
14:23:58,23.4
14:24:0,23.4
14:24:1,23.4
14:24:2,23.4
14:24:3,23.4
14:24:5,23.4
14:24:6,23.4
14:24:7,23.4
14:24:8,23.4
14:24:9,23.4
14:24:11,23.4
14:24:12,23.4
14:24:13,23.4
14:24:14,23.4
14:24:16,23.4
14:24:17,23.4
14:24:18,23.4
14:24:19,23.4
14:24:20,23.4
14:24:22,23.4
14:24:23,23.4
14:24:24,23.4
14:24:25,23.4
14:24:27,23.4
14:24:28,23.4
14:24:29,23.4
14:24:30,23.4
14:24:31,23.4
14:24:32,23.4
14:24:34,23.4
14:24:35,23.4
14:24:36,23.4
14:24:37,23.4
14:24:39,23.4
14:24:40,23.4
14:24:41,23.4
14:24:42,23.4
14:24:44,23.4
14:24:45,23.9
14:24:46,23.9
14:24:47,23.9
14:24:49,23.9
14:24:50,23.9
14:24:51,23.9
14:24:52,23.9
14:24:54,23.9
14:24:55,23.9
14:24:56,23.9
14:24:57,23.9
14:24:59,23.9
14:25:0,23.9
14:25:1,23.9
14:25:2,23.9
14:25:4,23.9
14:25:5,23.9
14:25:6,23.9
14:25:7,23.9
14:25:9,23.9
14:25:10,23.9
14:25:11,23.9
14:25:12,23.9
14:25:14,23.9
14:25:15,23.9
14:25:16,23.9
14:25:17,23.9
14:25:18,23.9
14:25:19,23.9
14:25:20,23.9
14:25:22,23.9
14:25:23,23.9
14:25:24,23.9
14:25:25,23.9
14:25:26,23.9
14:25:28,23.9
14:25:29,23.9
14:25:30,23.9
14:25:31,23.9
14:25:32,23.9
14:25:34,23.9
14:25:35,23.9
14:25:36,23.9
14:25:37,23.9
14:25:38,23.9
14:25:39,23.9
14:25:40,23.9
14:25:41,23.9
14:25:43,23.9
14:25:44,23.9
14:25:45,23.9
14:25:46,23.9
14:25:48,23.9
14:25:49,23.9
14:25:50,23.9
14:25:51,23.9
14:25:52,23.9
14:25:54,23.9
14:25:55,23.9
14:25:56,23.9
14:25:57,23.9
14:25:58,23.9
14:25:59,23.9
14:26:0,23.9
14:26:2,23.9
14:26:3,23.9
14:26:4,23.9
14:26:5,23.9
14:26:6,23.9
14:26:8,23.9
14:26:9,23.9
14:26:10,23.9
14:26:11,23.9
14:26:12,23.9
14:26:14,23.9
14:26:15,23.9
14:26:16,23.9
14:26:17,23.9
14:26:18,23.9
14:26:19,23.9
14:26:20,23.9
14:26:22,23.9
14:26:23,23.9
14:26:24,23.9
14:26:25,23.9
14:26:27,23.9
14:26:28,23.9
14:26:29,23.9
14:26:30,23.9
14:26:31,23.9
14:26:32,23.9
14:26:34,23.9
14:26:35,23.9
14:26:36,23.9
14:26:38,23.9
14:26:39,23.9
14:26:40,23.9
14:26:41,23.9
14:26:43,23.9
14:26:44,23.9
14:26:45,23.9
14:26:46,23.9
14:26:48,23.9
14:26:49,23.9
14:26:50,23.9
14:26:51,23.9
14:26:53,23.9
14:26:54,23.9
14:26:55,23.9
14:26:56,23.9
14:26:57,23.9
14:26:58,23.9
14:26:59,23.9
14:27:0,23.9
14:27:2,23.9
14:27:3,23.9
14:27:4,23.9
14:27:5,23.9
14:27:6,23.9
14:27:8,23.9
14:27:9,23.9
14:27:10,23.9
14:27:11,23.9
14:27:13,23.9
14:27:14,23.9
14:27:15,23.9
14:27:16,23.9
14:27:18,23.9
14:27:19,23.9
14:27:20,23.9
14:27:21,23.9
14:27:22,23.9
14:27:24,23.9
14:27:25,23.9
14:27:26,23.9
14:27:27,23.9
14:27:28,23.9
14:27:30,23.9
14:27:31,23.9
14:27:32,23.9
14:27:33,23.9
14:27:34,23.9
14:27:36,23.9
14:27:37,23.9
14:27:38,23.9
14:27:40,23.9
14:27:41,23.9
14:27:42,23.9
14:27:43,23.9
14:27:44,23.9
14:27:46,23.9
14:27:47,23.9
14:27:48,23.9
14:27:49,23.9
14:27:51,23.9
14:27:52,23.9
14:27:53,23.9
14:27:54,23.9
14:27:56,23.9
14:27:57,23.9
14:27:58,23.9
14:27:59,23.9
14:28:1,23.9
14:28:2,23.9
14:28:3,23.9
14:28:4,23.9
14:28:5,23.9
14:28:7,23.9
14:28:8,23.9
14:28:9,23.9
14:28:11,23.9
14:28:12,23.9
14:28:13,23.9
14:28:14,23.9
14:28:15,23.9
14:28:17,23.9
14:28:18,23.9
14:28:19,23.9
14:28:20,23.9
14:28:22,23.9
14:28:23,23.9
14:28:24,23.9
14:28:25,23.9
14:28:27,23.9
14:28:28,23.9
14:28:29,23.9
14:28:30,23.9
14:28:31,23.9
14:28:32,23.9
14:28:34,23.9
14:28:35,23.9
14:28:36,23.9
14:28:37,23.9
14:28:39,23.9
14:28:40,23.9
14:28:41,23.9
14:28:42,23.9
14:28:44,23.9
14:28:45,23.9
14:28:46,23.9
14:28:47,23.9
14:28:49,23.9
14:28:50,23.9
14:28:51,23.9
14:28:52,23.9
14:28:54,23.9
14:28:55,23.9
14:28:56,23.9
14:28:57,23.9
14:28:59,23.9
14:29:0,23.9
14:29:1,23.9
14:29:2,23.9
14:29:4,23.9
14:29:5,23.9
14:29:6,23.9
14:29:7,23.9
14:29:9,23.9
14:29:10,23.9
14:29:11,23.9
14:29:12,23.9
14:29:14,23.9
14:29:15,23.9
14:29:16,23.9
14:29:17,23.9
14:29:18,23.9
14:29:19,23.9
14:29:21,23.9
14:29:22,23.9
14:29:23,23.9
14:29:24,23.9
14:29:25,23.9
14:29:27,23.9
14:29:28,23.9
14:29:29,23.9
14:29:30,23.9
14:29:31,23.9
14:29:32,23.9
14:29:34,23.9
14:29:35,23.9
14:29:36,23.9
14:29:37,23.9
14:29:38,23.9
14:29:39,23.9
14:29:41,23.9
14:29:42,23.9
14:29:43,23.9
14:29:44,23.9
14:29:45,23.9
14:29:47,23.9
14:29:48,23.9
14:29:49,23.9
14:29:50,23.9
14:29:52,23.9
14:29:53,23.9
14:29:54,23.9
14:29:55,23.9
14:29:57,23.9
14:29:58,23.9
14:29:59,23.9
14:30:0,23.9
14:30:2,23.9
14:30:3,23.9
14:30:4,23.9
14:30:5,23.9
14:30:7,23.9
14:30:8,23.9
14:30:9,23.9
14:30:10,23.9
14:30:12,23.9
14:30:13,23.9
14:30:14,23.9
14:30:15,23.9
14:30:17,23.9
14:30:18,23.9
14:30:19,23.9
14:30:20,23.9
14:30:22,23.9
14:30:23,23.9
14:30:24,23.9
14:30:25,23.9
14:30:27,23.9
14:30:28,23.9
14:30:29,23.9
14:30:30,23.9
14:30:31,23.9
14:30:32,23.9
14:30:33,23.9
14:30:35,23.9
14:30:36,23.9
14:30:37,23.9
14:30:38,23.9
14:30:39,23.9
14:30:40,23.9
14:30:41,23.9
14:30:42,23.9
14:30:44,23.9
14:30:45,23.9
14:30:46,23.9
14:30:48,23.9
14:30:49,23.9
14:30:50,23.9
14:30:52,23.9
14:30:53,23.9
14:30:54,23.9
14:30:55,23.9
14:30:57,23.9
14:30:58,23.9
14:30:59,23.9
14:31:0,23.9
14:31:2,23.9
14:31:3,23.9
14:31:4,23.9
14:31:5,23.9
14:31:6,23.9
14:31:8,23.9
14:31:9,23.9
14:31:10,23.9
14:31:12,23.9
14:31:13,23.9
14:31:14,23.9
14:31:15,23.9
14:31:17,23.9
14:31:18,23.9
14:31:19,23.9
14:31:20,23.9
14:31:22,23.9
14:31:23,23.9
14:31:24,23.9
14:31:25,23.9
14:31:27,23.9
14:31:28,23.9
14:31:29,23.9
14:31:30,23.9
14:31:31,23.9
14:31:32,23.9
14:31:33,23.9
14:31:35,23.9
14:31:36,23.9
14:31:37,23.9
14:31:38,23.9
14:31:40,23.9
14:31:41,23.9
14:31:42,23.9
14:31:43,23.9
14:31:45,23.9
14:31:46,23.9
14:31:47,23.9
14:31:48,23.9
14:31:49,23.9
14:31:51,23.9
14:31:52,23.9
14:31:53,23.9
14:31:55,23.9
14:31:56,23.9
14:31:57,23.9
14:31:58,23.9
14:32:0,23.9
14:32:1,23.9
14:32:2,23.9
14:32:3,23.9
14:32:5,23.9
14:32:6,23.9
14:32:7,23.9
14:32:8,23.9
14:32:10,23.9
14:32:11,23.9
14:32:12,23.9
14:32:13,23.9
14:32:15,23.9
14:32:16,23.9
14:32:17,23.9
14:32:18,23.9
14:32:19,23.9
14:32:20,23.9
14:32:22,23.9
14:32:23,23.9
14:32:24,23.9
14:32:25,23.9
14:32:27,23.9
14:32:28,23.9
14:32:29,23.9
14:32:30,23.9
14:32:31,23.9
14:32:32,23.9
14:32:33,23.9
14:32:35,23.9
14:32:36,23.9
14:32:37,23.9
14:32:38,23.9
14:32:39,23.9
14:32:40,23.9
14:32:41,23.9
14:32:43,23.9
14:32:44,23.9
14:32:45,23.9
14:32:46,23.9
14:32:47,23.9
14:32:48,23.9
14:32:50,23.9
14:32:51,23.9
14:32:52,23.9
14:32:53,23.9
14:32:54,23.9
14:32:56,23.9
14:32:57,23.9
14:32:58,23.9
14:33:0,23.9
14:33:1,23.9
14:33:2,23.9
14:33:3,23.9
14:33:5,23.9
14:33:6,23.9
14:33:7,23.9
14:33:8,23.9
14:33:10,23.9
14:33:11,23.9
14:33:12,23.9
14:33:13,23.9
14:33:14,23.9
14:33:16,23.9
14:33:17,23.9
14:33:18,23.9
14:33:19,23.9
14:33:20,23.9
14:33:22,23.9
14:33:23,23.9
14:33:24,23.9
14:33:25,23.9
14:33:27,23.9
14:33:28,23.9
14:33:29,23.9
14:33:30,23.9
14:33:31,23.9
14:33:32,23.9
14:33:34,23.9
14:33:35,23.9
14:33:36,23.9
14:33:37,23.9
14:33:39,23.9
14:33:40,23.9
14:33:41,23.9
14:33:42,23.9
14:33:44,23.9
14:33:45,23.9
14:33:46,23.9
14:33:47,23.9
14:33:49,23.9
14:33:50,23.9
14:33:51,23.9
14:33:52,23.9
14:33:53,23.9
14:33:54,23.9
14:33:55,23.9
14:33:57,23.9
14:33:58,23.9
14:33:59,23.9
14:34:0,23.9
14:34:1,23.9
14:34:2,23.9
14:34:4,23.9
14:34:5,23.9
14:34:6,23.9
14:34:7,23.9
14:34:9,23.9
14:34:10,23.9
14:34:11,23.9
14:34:12,23.9
14:34:14,23.9
14:34:15,23.9
14:34:16,23.9
14:34:17,23.9
14:34:18,23.9
14:34:19,23.9
14:34:20,23.9
14:34:22,23.9
14:34:23,23.9
14:34:24,23.9
14:34:25,23.9
14:34:27,23.9
14:34:28,23.9
14:34:29,23.9
14:34:30,23.9
14:34:31,23.9
14:34:32,23.9
14:34:34,23.9
14:34:35,23.9
14:34:36,23.9
14:34:37,23.9
14:34:38,23.9
14:34:41,23.9
14:34:42,23.9
14:34:43,23.9
14:34:45,23.9
14:34:46,24.4
14:34:47,24.4
14:34:48,24.4
14:34:50,24.4
14:34:51,24.4
14:34:52,24.4
14:34:53,24.4
14:34:54,24.4
14:34:56,24.4
14:34:57,24.4
14:34:58,24.4
14:34:59,24.4
14:35:0,24.4
14:35:1,24.4
14:35:3,24.4
14:35:4,24.4
14:35:5,24.4
14:35:6,24.4
14:35:7,24.4
14:35:9,24.4
14:35:10,24.4
14:35:11,24.4
14:35:12,24.4
14:35:14,24.4
14:35:15,24.4
14:35:16,24.4
14:35:17,24.4
14:35:18,24.4
14:35:19,24.4
14:35:20,24.4
14:35:22,24.4
14:35:23,24.4
14:35:24,24.4
14:35:25,24.4
14:35:27,24.4
14:35:28,24.4
14:35:29,24.4
14:35:30,24.4
14:35:31,24.4
14:35:32,24.4
14:35:34,24.4
14:35:35,24.4
14:35:36,24.4
14:35:37,24.4
14:35:39,24.4
14:35:40,24.4
14:35:41,24.4
14:35:42,24.4
14:35:43,24.4
14:35:45,24.4
14:35:46,24.4
14:35:47,24.4
14:35:48,24.4
14:35:49,24.4
14:35:51,24.4
14:35:52,24.4
14:35:53,24.4
14:35:54,24.4
14:35:55,24.4
14:35:57,24.4
14:35:58,24.4
14:35:59,24.4
14:36:0,24.4
14:36:2,24.4
14:36:3,24.4
14:36:4,24.4
14:36:6,24.4
14:36:7,24.4
14:36:8,24.4
14:36:9,24.4
14:36:11,24.4
14:36:12,24.4
14:36:13,24.4
14:36:14,24.4
14:36:16,24.4
14:36:17,24.4
14:36:18,24.4
14:36:19,24.4
14:36:20,24.4
14:36:22,24.4
14:36:23,24.4
14:36:24,24.4
14:36:25,24.4
14:36:27,24.4
14:36:28,24.4
14:36:29,24.4
14:36:30,24.4
14:36:31,24.4
14:36:32,24.4
14:36:34,24.4
14:36:35,24.4
14:36:36,24.4
14:36:37,24.4
14:36:38,24.4
14:36:39,24.4
14:36:40,24.4
14:36:42,24.4
14:36:43,24.4
14:36:44,24.4
14:36:45,24.4
14:36:46,24.4
14:36:48,24.4
14:36:49,24.4
14:36:50,24.4
14:36:51,24.4
14:36:53,24.4
14:36:54,24.4
14:36:55,24.4
14:36:57,24.4
14:36:58,24.4
14:36:59,24.4
14:37:1,24.4
14:37:2,24.4
14:37:3,24.4
14:37:5,24.4
14:37:6,24.4
14:37:7,24.4
14:37:8,24.4
14:37:9,24.4
14:37:11,24.4
14:37:12,24.4
14:37:13,24.4
14:37:15,24.4
14:37:16,24.4
14:37:17,24.4
14:37:18,24.4
14:37:19,24.4
14:37:21,24.4
14:37:22,24.4
14:37:23,24.4
14:37:24,24.4
14:37:25,24.4
14:37:27,24.4
14:37:28,24.4
14:37:29,24.4
14:37:30,24.4
14:37:31,24.4
14:37:33,24.4
14:37:34,24.4
14:37:35,24.4
14:37:36,24.4
14:37:37,24.4
14:37:39,24.4
14:37:40,24.4
14:37:41,24.4
14:37:42,24.4
14:37:44,24.4
14:37:45,24.4
14:37:46,24.4
14:37:47,24.4
14:37:49,24.4
14:37:50,24.4
14:37:51,24.4
14:37:52,24.4
14:37:54,24.4
14:37:55,24.4
14:37:56,24.4
14:37:57,24.4
14:37:58,24.4
14:38:0,24.4
14:38:1,24.4
14:38:2,24.4
14:38:3,24.4
14:38:5,24.4
14:38:6,24.4
14:38:7,24.4
14:38:8,24.4
14:38:9,24.4
14:38:11,24.4
14:38:12,24.4
14:38:13,24.4
14:38:14,24.4
14:38:15,24.4
14:38:16,24.4
14:38:17,24.4
14:38:19,24.4
14:38:20,24.4
14:38:21,24.4
14:38:22,24.4
14:38:23,24.4
14:38:24,24.4
14:38:25,24.4
14:38:26,24.4
14:38:28,24.4
14:38:29,24.4
14:38:30,24.4
14:38:31,24.4
14:38:32,24.4
14:38:34,24.4
14:38:35,24.4
14:38:36,24.4
14:38:37,24.4
14:38:38,24.4
14:38:40,24.4
14:38:41,24.4
14:38:42,24.4
14:38:43,24.4
14:38:45,24.4
14:38:46,24.4
14:38:47,24.4
14:38:48,24.4
14:38:49,24.4
14:38:51,24.4
14:38:52,24.4
14:38:53,24.4
14:38:55,24.4
14:38:56,24.4
14:38:57,24.4
14:38:58,24.4
14:39:0,24.4
14:39:1,24.4
14:39:2,24.4
14:39:3,24.4
14:39:4,24.4
14:39:6,24.4
14:39:7,24.4
14:39:8,24.4
14:39:9,24.4
14:39:11,24.4
14:39:12,24.4
14:39:13,24.4
14:39:14,24.4
14:39:16,24.4
14:39:17,24.4
14:39:18,24.4
14:39:19,24.4
14:39:21,24.4
14:39:22,24.4
14:39:23,24.4
14:39:24,24.4
14:39:25,24.4
14:39:27,24.4
14:39:28,24.4
14:39:29,24.4
14:39:30,24.4
14:39:31,24.4
14:39:32,24.4
14:39:34,24.4
14:39:35,24.4
14:39:36,24.4
14:39:37,24.4
14:39:39,24.4
14:39:40,24.4
14:39:41,24.4
14:39:42,24.4
14:39:44,24.4
14:39:45,24.4
14:39:46,24.4
14:39:47,24.4
14:39:49,24.4
14:39:50,24.4
14:39:51,24.4
14:39:52,24.4
14:39:54,24.4
14:39:55,24.4
14:39:56,24.4
14:39:57,24.4
14:39:59,24.4
14:40:0,24.4
14:40:1,24.4
14:40:2,24.4
14:40:4,24.4
14:40:5,24.4
14:40:6,24.4
14:40:7,24.4
14:40:9,24.4
14:40:10,24.4
14:40:11,24.4
14:40:12,24.4
14:40:14,24.4
14:40:15,24.4
14:40:16,24.4
14:40:17,24.4
14:40:18,24.4
14:40:19,24.4
14:40:20,24.4
14:40:22,24.4
14:40:23,24.4
14:40:24,24.4
14:40:25,24.4
14:40:27,24.4
14:40:28,24.4
14:40:29,24.4
14:40:30,24.4
14:40:31,24.4
14:40:32,24.4
14:40:34,24.4
14:40:35,24.4
14:40:36,24.4
14:40:37,24.4
14:40:39,24.4
14:40:40,24.4
14:40:41,24.4
14:40:42,24.4
14:40:44,24.4
14:40:45,24.4
14:40:46,24.4
14:40:47,24.4
14:40:48,24.4
14:40:49,24.4
14:40:50,24.4
14:40:52,24.4
14:40:53,24.4
14:40:54,24.4
14:40:55,24.4
14:40:56,24.4
14:40:57,24.4
14:40:58,24.4
14:41:0,24.4
14:41:1,24.4
14:41:2,24.4
14:41:3,24.4
14:41:4,24.4
14:41:6,24.4
14:41:7,24.4
14:41:8,24.4
14:41:9,24.4
14:41:10,24.4
14:41:12,24.4
14:41:13,24.4
14:41:14,24.4
14:41:15,24.4
14:41:16,24.4
14:41:17,24.4
14:41:18,24.4
14:41:20,24.4
14:41:21,24.4
14:41:22,24.4
14:41:23,24.4
14:41:25,24.4
14:41:26,24.4
14:41:27,24.4
14:41:28,24.4
14:41:30,24.4
14:41:31,24.4
14:41:32,24.4
14:41:33,24.4
14:41:34,24.4
14:41:36,24.4
14:41:37,24.4
14:41:38,24.4
14:41:39,24.4
14:41:40,24.4
14:41:42,24.4
14:41:43,24.4
14:41:44,24.4
14:41:45,24.4
14:41:47,24.4
14:41:48,24.4
14:41:49,24.4
14:41:50,24.4
14:41:52,24.4
14:41:53,24.4
14:41:54,24.4
14:41:56,24.4
14:41:57,24.4
14:41:58,24.4
14:41:59,24.4
14:42:1,24.4
14:42:2,24.4
14:42:3,24.4
14:42:4,24.4
14:42:6,24.4
14:42:7,24.4
14:42:8,24.4
14:42:10,24.4
14:42:11,24.4
14:42:12,24.4
14:42:13,24.4
14:42:15,24.4
14:42:16,24.4
14:42:17,24.4
14:42:18,24.4
14:42:19,24.4
14:42:20,24.4
14:42:22,24.4
14:42:23,24.4
14:42:24,24.4
14:42:25,24.4
14:42:27,24.4
14:42:28,24.4
14:42:29,24.4
14:42:30,24.4
14:42:31,24.4
14:42:32,24.4
14:42:34,24.4
14:42:35,24.4
14:42:36,24.4
14:42:37,24.4
14:42:39,24.4
14:42:40,24.4
14:42:41,24.4
14:42:42,24.4
14:42:44,24.4
14:42:45,24.4
14:42:46,24.4
14:42:47,24.4
14:42:49,24.4
14:42:50,24.4
14:42:51,24.4
14:42:52,24.4
14:42:53,24.4
14:42:55,24.4
14:42:56,24.4
14:42:57,24.4
14:42:58,24.4
14:43:0,24.4
14:43:1,24.4
14:43:2,24.4
14:43:3,24.4
14:43:5,24.4
14:43:6,24.4
14:43:7,24.4
14:43:8,24.4
14:43:9,24.4
14:43:10,24.4
14:43:11,24.4
14:43:12,24.4
14:43:14,24.4
14:43:15,24.4
14:43:16,24.4
14:43:17,24.4
14:43:18,24.4
14:43:19,24.4
14:43:20,24.4
14:43:22,24.4
14:43:23,24.4
14:43:24,24.4
14:43:25,24.4
14:43:26,24.4
14:43:27,24.4
14:43:28,24.4
14:43:29,24.4
14:43:31,24.4
14:43:32,24.4
14:43:33,24.4
14:43:34,24.4
14:43:36,24.4
14:43:37,24.4
14:43:38,24.4
14:43:39,24.4
14:43:41,24.4
14:43:42,24.4
14:43:43,24.4
14:43:44,24.4
14:43:45,24.4
14:43:47,24.4
14:43:48,24.4
14:43:49,24.4
14:43:50,24.4
14:43:51,24.4
14:43:52,24.4
14:43:54,24.4
14:43:55,24.4
14:43:56,24.4
14:43:57,24.4
14:43:59,24.4
14:44:0,24.4
14:44:1,24.4
14:44:2,24.4
14:44:4,24.4
14:44:5,24.4
14:44:6,24.4
14:44:7,24.4
14:44:9,24.4
14:44:10,24.4
14:44:11,24.4
14:44:12,24.4
14:44:13,24.4
14:44:15,24.4
14:44:16,24.4
14:44:17,24.4
14:44:18,24.4
14:44:19,24.4
14:44:20,24.4
14:44:22,24.4
14:44:23,24.4
14:44:24,24.4
14:44:25,24.4
14:44:27,24.4
14:44:28,24.4
14:44:29,24.4
14:44:30,24.4
14:44:31,24.4
14:44:32,24.4
14:44:34,24.4
14:44:35,24.4
14:44:36,24.4
14:44:37,24.4
14:44:39,24.4
14:44:40,24.4
14:44:41,24.4
14:44:42,24.4
14:44:44,24.4
14:44:45,24.4
14:44:46,24.4
14:44:47,24.4
14:44:49,24.4
14:44:50,24.4
14:44:51,24.4
14:44:52,24.4
14:44:54,24.4
14:44:55,24.4
14:44:56,24.4
14:44:57,24.4
14:44:59,24.4
14:45:0,24.4
14:45:1,24.4
14:45:2,24.4
14:45:3,24.4
14:45:4,24.4
14:45:6,24.4
14:45:7,24.4
14:45:8,24.4
14:45:9,24.4
14:45:11,24.4
14:45:12,24.4
14:45:13,24.4
14:45:14,24.4
14:45:16,24.4
14:45:17,24.4
14:45:18,24.4
14:45:19,24.4
14:45:20,24.4
14:45:22,24.4
14:45:23,24.4
14:45:24,24.4
14:45:25,24.4
14:45:27,24.4
14:45:28,24.4
14:45:29,24.4
14:45:30,24.4
14:45:31,24.4
14:45:32,24.4
14:45:34,24.4
14:45:35,24.4
14:45:36,24.4
14:45:37,24.4
14:45:39,24.4
14:45:40,24.4
14:45:41,24.4
14:45:42,24.4
14:45:44,24.4
14:45:45,24.4
14:45:46,24.4
14:45:47,24.4
14:45:49,24.4
14:45:50,24.4
14:45:51,24.4
14:45:52,24.4
14:45:53,24.4
14:45:54,24.4
14:45:56,24.4
14:45:57,24.4
14:45:58,24.4
14:45:59,24.4
14:46:0,24.4
14:46:2,24.4
14:46:3,24.4
14:46:4,24.4
14:46:5,24.4
14:46:7,24.4
14:46:8,24.4
14:46:9,24.4
14:46:10,24.4
14:46:12,24.4
14:46:13,24.4
14:46:14,24.4
14:46:15,24.4
14:46:17,24.4
14:46:18,24.4
14:46:19,24.4
14:46:20,24.4
14:46:21,24.4
14:46:23,24.4
14:46:24,24.4
14:46:25,24.4
14:46:26,24.4
14:46:28,24.4
14:46:29,24.4
14:46:30,24.4
14:46:31,24.4
14:46:32,24.4
14:46:34,24.4
14:46:35,24.4
14:46:36,24.4
14:46:37,24.4
14:46:39,24.4
14:46:40,24.4
14:46:41,24.4
14:46:42,24.4
14:46:43,24.4
14:46:44,24.4
14:46:46,24.4
14:46:47,24.4
14:46:48,24.4
14:46:49,24.4
14:46:50,24.4
14:46:52,24.4
14:46:53,24.4
14:46:54,24.4
14:46:55,24.4
14:46:57,24.4
14:46:58,24.4
14:46:59,24.4
14:47:1,24.4
14:47:2,24.4
14:47:3,24.4
14:47:4,24.4
14:47:5,24.4
14:47:7,24.4
14:47:8,24.4
14:47:9,24.4
14:47:10,24.4
14:47:11,24.4
14:47:12,24.4
14:47:14,24.4
14:47:15,24.4
14:47:16,24.4
14:47:17,24.4
14:47:18,24.4
14:47:19,24.4
14:47:21,24.4
14:47:22,24.4
14:47:23,24.4
14:47:25,24.4
14:47:26,24.4
14:47:27,24.4
14:47:28,24.4
14:47:30,24.4
14:47:31,24.4
14:47:32,24.4
14:47:33,24.4
14:47:34,24.4
14:47:36,24.4
14:47:37,24.4
14:47:38,24.4
14:47:39,24.4
14:47:41,24.4
14:47:42,24.4
14:47:43,24.4
14:47:44,24.4
14:47:46,24.4
14:47:47,24.4
14:47:48,24.4
14:47:50,24.4
14:47:51,24.4
14:47:52,24.4
14:47:53,24.4
14:47:55,24.4
14:47:56,24.4
14:47:57,24.4
14:47:58,24.4
14:47:59,24.4
14:48:1,24.4
14:48:2,24.4
14:48:3,24.4
14:48:4,24.4
14:48:6,24.4
14:48:7,24.4
14:48:8,24.4
14:48:9,24.4
14:48:11,24.4
14:48:12,24.4
14:48:13,24.4
14:48:14,24.4
14:48:16,24.4
14:48:17,24.4
14:48:18,24.4
14:48:19,24.4
14:48:20,24.4
14:48:22,24.4
14:48:23,24.4
14:48:24,24.4
14:48:25,24.4
14:48:26,24.4
14:48:28,24.4
14:48:29,24.4
14:48:30,24.4
14:48:31,24.4
14:48:32,24.4
14:48:34,24.4
14:48:35,24.4
14:48:36,24.4
14:48:37,24.4
14:48:38,24.4
14:48:39,24.4
14:48:40,24.4
14:48:42,24.4
14:48:43,24.4
14:48:44,24.4
14:48:45,24.4
14:48:47,24.4
14:48:48,24.4
14:48:49,24.4
14:48:51,24.4
14:48:52,24.4
14:48:53,24.4
14:48:54,24.4
14:48:56,24.4
14:48:57,24.4
14:48:58,24.4
14:48:59,24.4
14:49:0,24.4
14:49:1,24.4
14:49:3,24.4
14:49:4,24.4
14:49:5,24.4
14:49:6,24.4
14:49:8,24.4
14:49:9,24.4
14:49:10,24.4
14:49:12,24.4
14:49:13,24.4
14:49:14,24.4
14:49:15,24.4
14:49:17,24.4
14:49:18,24.4
14:49:19,24.4
14:49:20,24.4
14:49:22,24.4
14:49:23,24.4
14:49:24,24.4
14:49:25,24.4
14:49:27,24.4
14:49:28,24.4
14:49:29,24.4
14:49:30,24.4
14:49:31,24.4
14:49:32,24.4
14:49:34,24.4
14:49:35,24.4
14:49:36,24.4
14:49:37,24.4
14:49:39,24.4
14:49:40,24.4
14:49:41,24.4
14:49:42,24.4
14:49:44,24.4
14:49:45,24.4
14:49:46,24.4
14:49:47,24.4
14:49:49,24.4
14:49:50,24.4
14:49:51,24.4
14:49:52,24.4
14:49:53,24.4
14:49:54,24.4
14:49:56,24.4
14:49:57,24.4
14:49:58,24.4
14:49:59,24.4
14:50:0,24.4
14:50:2,24.4
14:50:3,24.4
14:50:4,24.799999
14:50:5,24.799999
14:50:7,24.799999
14:50:8,24.799999
14:50:9,24.799999
14:50:10,24.799999
14:50:12,24.799999
14:50:13,24.799999
14:50:14,24.799999
14:50:16,24.799999
14:50:17,24.799999
14:50:18,24.799999
14:50:19,24.799999
14:50:20,24.799999
14:50:22,24.799999
14:50:23,24.799999
14:50:24,24.799999
14:50:25,24.799999
14:50:27,24.799999
14:50:28,24.799999
14:50:29,24.799999
14:50:30,24.799999
14:50:31,24.799999
14:50:32,24.799999
14:50:34,24.799999
14:50:35,24.799999
14:50:36,24.799999
14:50:37,24.799999
14:50:38,24.799999
14:50:39,24.799999
14:50:40,24.799999
14:50:42,24.799999
14:50:43,24.799999
14:50:44,24.799999
14:50:45,24.799999
14:50:46,24.799999
14:50:48,24.799999
14:50:49,24.799999
14:50:50,24.799999
14:50:51,24.799999
14:50:53,24.799999
14:50:54,24.799999
14:50:55,24.799999
14:50:57,24.799999
14:50:58,24.799999
14:50:59,24.799999
14:51:0,24.799999
14:51:1,24.799999
14:51:3,24.799999
14:51:4,24.799999
14:51:5,24.799999
14:51:6,24.799999
14:51:8,24.799999
14:51:9,24.799999
14:51:10,24.799999
14:51:11,24.799999
14:51:13,24.799999
14:51:14,24.799999
14:51:15,24.799999
14:51:17,24.799999
14:51:18,24.799999
14:51:19,24.799999
14:51:20,24.799999
14:51:21,24.799999
14:51:22,24.799999
14:51:23,24.799999
14:51:25,24.799999
14:51:26,24.799999
14:51:27,24.799999
14:51:28,24.799999
14:51:29,24.799999
14:51:31,24.799999
14:51:32,24.799999
14:51:33,24.799999
14:51:34,24.799999
14:51:36,24.799999
14:51:37,24.799999
14:51:38,24.799999
14:51:39,24.799999
14:51:41,24.799999
14:51:42,24.799999
14:51:43,24.799999
14:51:44,24.799999
14:51:45,24.799999
14:51:46,24.799999
14:51:48,24.799999
14:51:49,24.799999
14:51:50,24.799999
14:51:52,24.799999
14:51:53,24.799999
14:51:54,24.799999
14:51:55,24.799999
14:51:57,24.799999
14:51:58,24.799999
14:51:59,24.799999
14:52:0,24.799999
14:52:2,24.799999
14:52:3,24.799999
14:52:4,24.799999
14:52:5,24.799999
14:52:7,24.799999
14:52:8,24.799999
14:52:9,24.799999
14:52:10,24.799999
14:52:12,24.799999
14:52:13,24.799999
14:52:14,24.799999
14:52:15,24.799999
14:52:17,24.799999
14:52:18,24.799999
14:52:19,24.799999
14:52:20,24.799999
14:52:21,24.799999
14:52:23,24.799999
14:52:24,24.799999
14:52:25,24.799999
14:52:26,24.799999
14:52:28,24.799999
14:52:29,24.799999
14:52:30,24.799999
14:52:31,24.799999
14:52:32,24.799999
14:52:34,24.799999
14:52:35,24.799999
14:52:36,24.799999
14:52:37,24.799999
14:52:39,24.799999
14:52:40,24.799999
14:52:41,24.799999
14:52:42,24.799999
14:52:44,24.799999
14:52:45,24.799999
14:52:46,24.799999
14:52:47,24.799999
14:52:49,24.799999
14:52:50,24.799999
14:52:51,24.799999
14:52:52,24.799999
14:52:54,24.799999
14:52:55,24.799999
14:52:56,24.799999
14:52:57,24.799999
14:52:59,24.799999
14:53:0,24.799999
14:53:1,24.799999
14:53:2,24.799999
14:53:4,24.799999
14:53:5,24.799999
14:53:6,24.799999
14:53:7,24.799999
14:53:8,24.799999
14:53:10,24.799999
14:53:11,24.799999
14:53:12,24.799999
14:53:13,24.799999
14:53:14,24.799999
14:53:16,24.799999
14:53:17,24.799999
14:53:18,24.799999
14:53:19,24.799999
14:53:20,24.799999
14:53:22,24.799999
14:53:23,24.799999
14:53:24,24.799999
14:53:25,24.799999
14:53:27,24.799999
14:53:28,24.799999
14:53:29,24.799999
14:53:30,24.799999
14:53:31,24.799999
14:53:32,24.799999
14:53:34,24.799999
14:53:35,24.799999
14:53:36,24.799999
14:53:37,24.799999
14:53:39,24.799999
14:53:40,24.799999
14:53:41,24.799999
14:53:42,24.799999
14:53:44,24.799999
14:53:45,24.799999
14:53:46,24.799999
14:53:47,24.799999
14:53:49,24.799999
14:53:50,24.799999
14:53:51,24.799999
14:53:52,24.799999
14:53:54,24.799999
14:53:55,24.799999
14:53:56,24.799999
14:53:57,24.799999
14:53:59,24.799999
14:54:0,24.799999
14:54:1,24.799999
14:54:2,24.799999
14:54:4,24.799999
14:54:5,24.799999
14:54:6,24.799999
14:54:7,24.799999
14:54:9,24.799999
14:54:10,24.799999
14:54:11,24.799999
14:54:12,24.799999
14:54:14,24.799999
14:54:15,24.799999
14:54:16,24.799999
14:54:17,24.799999
14:54:18,24.799999
14:54:19,24.799999
14:54:20,24.799999
14:54:22,24.799999
14:54:23,24.799999
14:54:24,24.799999
14:54:25,24.799999
14:54:27,24.799999
14:54:28,24.799999
14:54:29,24.799999
14:54:30,24.799999
14:54:31,24.799999
14:54:32,24.799999
14:54:34,24.799999
14:54:35,24.799999
14:54:36,24.799999
14:54:37,24.799999
14:54:39,24.799999
14:54:40,24.799999
14:54:41,24.799999
14:54:42,24.799999
14:54:44,24.799999
14:54:45,24.299999
14:54:46,24.299999
14:54:47,24.299999
14:54:49,24.299999
14:54:50,24.299999
14:54:51,24.299999
14:54:52,24.299999
14:54:54,24.299999
14:54:55,24.299999
14:54:56,24.299999
14:54:57,24.299999
14:54:59,24.299999
14:55:0,24.299999
14:55:1,24.299999
14:55:2,24.299999
14:55:4,24.299999
14:55:5,24.299999
14:55:6,24.299999
14:55:7,24.299999
14:55:9,24.299999
14:55:10,24.299999
14:55:11,24.299999
14:55:12,24.299999
14:55:14,24.299999
14:55:15,24.299999
14:55:16,24.299999
14:55:17,24.299999
14:55:18,24.299999
14:55:19,24.299999
14:55:20,24.299999
14:55:22,24.299999
14:55:23,24.299999
14:55:24,24.299999
14:55:25,24.299999
14:55:27,24.299999
14:55:28,24.299999
14:55:29,24.299999
14:55:30,24.299999
14:55:31,24.299999
14:55:32,24.299999
14:55:34,24.299999
14:55:35,24.299999
14:55:36,24.299999
14:55:37,24.299999
14:55:39,24.299999
14:55:40,24.299999
14:55:41,24.299999
14:55:42,24.299999
14:55:44,24.299999
14:55:45,24.299999
14:55:46,24.299999
14:55:47,24.299999
14:55:49,24.299999
14:55:50,24.299999
14:55:51,24.299999
14:55:52,24.299999
14:55:54,24.299999
14:55:55,24.299999
14:55:56,24.299999
14:55:57,24.299999
14:55:59,24.299999
14:56:0,24.299999
14:56:1,24.299999
14:56:2,24.299999
14:56:4,24.299999
14:56:5,24.299999
14:56:6,24.299999
14:56:7,24.299999
14:56:9,24.299999
14:56:10,24.299999
14:56:11,24.299999
14:56:12,24.299999
14:56:14,24.299999
14:56:15,24.299999
14:56:16,24.299999
14:56:17,24.299999
14:56:18,24.299999
14:56:19,24.299999
14:56:21,24.299999
14:56:22,24.299999
14:56:23,24.299999
14:56:24,24.299999
14:56:25,24.299999
14:56:27,24.299999
14:56:28,24.299999
14:56:29,24.299999
14:56:30,24.299999
14:56:31,24.299999
14:56:32,24.299999
14:56:34,24.299999
14:56:35,24.299999
14:56:36,24.299999
14:56:37,24.299999
14:56:39,24.299999
14:56:40,24.299999
14:56:41,24.299999
14:56:42,24.299999
14:56:44,24.299999
14:56:45,24.299999
14:56:46,24.299999
14:56:47,24.299999
14:56:49,24.299999
14:56:50,24.299999
14:56:51,24.299999
14:56:52,24.299999
14:56:54,24.299999
14:56:55,24.299999
14:56:56,24.299999
14:56:57,24.299999
14:56:59,24.299999
14:57:0,24.299999
14:57:1,24.299999
14:57:2,24.299999
14:57:4,24.299999
14:57:5,24.299999
14:57:6,24.299999
14:57:7,24.299999
14:57:9,24.299999
14:57:10,24.299999
14:57:11,24.299999
14:57:12,24.299999
14:57:14,24.299999
14:57:15,24.299999
14:57:16,24.299999
14:57:17,24.299999
14:57:18,24.299999
14:57:19,24.299999
14:57:21,24.299999
14:57:22,24.299999
14:57:23,24.299999
14:57:24,24.299999
14:57:25,24.299999
14:57:27,24.299999
14:57:28,24.299999
14:57:29,24.299999
14:57:30,24.299999
14:57:31,24.299999
14:57:32,24.299999
14:57:34,24.299999
14:57:35,24.299999
14:57:36,24.299999
14:57:37,24.299999
14:57:39,24.299999
14:57:40,24.299999
14:57:41,24.299999
14:57:42,24.299999
14:57:44,24.299999
14:57:45,24.299999
14:57:46,24.299999
14:57:47,24.299999
14:57:48,24.299999
14:57:50,24.299999
14:57:51,24.299999
14:57:52,24.299999
14:57:53,24.299999
14:57:55,24.299999
14:57:56,24.299999
14:57:57,24.299999
14:57:58,24.299999
14:57:59,24.299999
14:58:0,24.299999
14:58:2,24.299999
14:58:3,24.299999
14:58:4,24.299999
14:58:5,24.299999
14:58:6,24.299999
14:58:8,24.299999
14:58:9,24.299999
14:58:10,24.299999
14:58:11,24.299999
14:58:13,24.299999
14:58:14,24.299999
14:58:15,24.299999
14:58:16,24.299999
14:58:18,24.299999
14:58:19,24.299999
14:58:20,24.299999
14:58:21,24.299999
14:58:22,24.299999
14:58:24,24.299999
14:58:25,24.299999
14:58:26,24.299999
14:58:27,24.299999
14:58:28,24.299999
14:58:30,24.299999
14:58:31,24.299999
14:58:32,24.299999
14:58:33,24.299999
14:58:34,24.299999
14:58:35,24.299999
14:58:37,24.299999
14:58:38,24.299999
14:58:39,24.299999
14:58:40,24.299999
14:58:41,24.299999
14:58:43,24.299999
14:58:44,23.6
14:58:45,23.6
14:58:46,23.6
14:58:48,23.6
14:58:49,23.6
14:58:50,23.6
14:58:51,23.6
14:58:53,23.6
14:58:54,23.6
14:58:55,23.6
14:58:57,23.6
14:58:58,23.6
14:58:59,23.6
14:59:0,23.6
14:59:2,23.6
14:59:3,23.6
14:59:4,23.6
14:59:5,23.6
14:59:7,23.6
14:59:8,23.6
14:59:9,23.6
14:59:11,23.6
14:59:12,23.6
14:59:13,23.6
14:59:14,23.6
14:59:15,23.6
14:59:17,23.6
14:59:18,23.6
14:59:19,23.6
14:59:20,23.6
14:59:21,23.6
14:59:22,23.6
14:59:24,23.6
14:59:25,23.6
14:59:26,23.6
14:59:27,23.6
14:59:28,23.6
14:59:30,23.6
14:59:31,23.6
14:59:32,23.6
14:59:33,23.6
14:59:34,23.6
14:59:35,23.6
14:59:37,23.6
14:59:38,23.6
14:59:39,23.6
14:59:40,23.6
14:59:41,23.6
14:59:43,23.6
14:59:44,23.6
14:59:45,23.6
14:59:47,23.6
14:59:48,23.6
14:59:49,23.6
14:59:50,23.6
14:59:52,23.6
14:59:53,23.6
14:59:54,23.6
14:59:55,23.6
14:59:57,23.6
14:59:58,23.6
14:59:59,23.6
15:0:0,23.6
15:0:1,23.6
15:0:3,23.6
15:0:4,23.6
15:0:5,23.6
15:0:6,23.6
15:0:7,23.6
15:0:9,23.6
15:0:10,23.6
15:0:11,23.6
15:0:12,23.6
15:0:14,23.6
15:0:15,23.6
15:0:16,23.6
15:0:17,23.6
15:0:18,23.6
15:0:19,23.6
15:0:21,23.6
15:0:22,23.6
15:0:23,23.6
15:0:24,23.6
15:0:25,23.6
15:0:27,23.6
15:0:28,23.6
15:0:29,23.6
15:0:30,23.6
15:0:31,23.6
15:0:32,23.6
15:0:34,23.6
15:0:35,23.6
15:0:36,23.6
15:0:37,23.6
15:0:39,23.6
15:0:40,23.6
15:0:41,23.6
15:0:42,23.6
15:0:44,23.6
15:0:45,23.6
15:0:46,23.6
15:0:47,23.6
15:0:49,23.6
15:0:50,23.6
15:0:51,23.6
15:0:52,23.6
15:0:54,23.6
15:0:55,23.6
15:0:56,23.6
15:0:57,23.6
15:0:59,23.6
15:1:0,23.6
15:1:1,23.6
15:1:2,23.6
15:1:4,23.6
15:1:5,23.6
15:1:6,23.6
15:1:7,23.6
15:1:9,23.6
15:1:10,23.6
15:1:11,23.6
15:1:12,23.6
15:1:14,23.6
15:1:15,23.6
15:1:16,23.6
15:1:17,23.6
15:1:18,23.6
15:1:19,23.6
15:1:20,23.6
15:1:22,23.6
15:1:23,23.6
15:1:24,23.6
15:1:25,23.6
15:1:27,23.6
15:1:28,23.6
15:1:29,23.6
15:1:30,23.6
15:1:31,23.6
15:1:32,23.6
15:1:34,23.6
15:1:35,23.6
15:1:36,23.6
15:1:37,23.6
15:1:38,23.6
15:1:39,23.6
15:1:40,23.6
15:1:41,23.6
15:1:43,23.6
15:1:44,23.6
15:1:45,23.6
15:1:46,23.6
15:1:47,23.6
15:1:49,23.6
15:1:50,23.6
15:1:51,23.6
15:1:52,23.6
15:1:54,23.6
15:1:55,23.6
15:1:56,23.6
15:1:57,23.6
15:1:59,23.6
15:2:0,23.6
15:2:1,23.6
15:2:2,23.6
15:2:3,23.6
15:2:4,23.6
15:2:6,23.6
15:2:7,23.6
15:2:8,23.6
15:2:9,23.6
15:2:11,23.6
15:2:12,23.6
15:2:13,23.6
15:2:14,23.6
15:2:15,23.6
15:2:16,23.6
15:2:18,23.6
15:2:19,23.6
15:2:20,23.6
15:2:21,23.6
15:2:22,23.6
15:2:24,23.6
15:2:25,23.6
15:2:26,23.6
15:2:28,23.6
15:2:29,23.6
15:2:30,23.6
15:2:31,23.6
15:2:32,23.6
15:2:34,23.6
15:2:35,23.6
15:2:36,23.6
15:2:37,23.6
15:2:39,23.6
15:2:40,23.6
15:2:41,23.6
15:2:42,23.6
15:2:44,23.6
15:2:45,23.6
15:2:46,23.6
15:2:47,23.6
15:2:49,23.6
15:2:50,23.6
15:2:51,23.6
15:2:52,23.6
15:2:53,23.6
15:2:55,23.6
15:2:56,23.6
15:2:57,23.6
15:2:58,23.6
15:2:59,23.6
15:3:0,23.6
15:3:2,23.6
15:3:3,23.6
15:3:4,23.6
15:3:5,23.6
15:3:6,23.6
15:3:7,23.6
15:3:9,23.6
15:3:10,23.6
15:3:11,23.6
15:3:12,23.6
15:3:14,23.6
15:3:15,23.6
15:3:16,23.6
15:3:17,23.6
15:3:18,23.6
15:3:19,23.6
15:3:21,23.6
15:3:22,23.6
15:3:23,23.6
15:3:24,23.6
15:3:25,23.6
15:3:26,23.6
15:3:27,23.6
15:3:29,23.6
15:3:30,23.6
15:3:31,23.6
15:3:32,23.6
15:3:33,23.6
15:3:34,23.6
15:3:35,23.6
15:3:37,23.6
15:3:38,23.6
15:3:39,23.6
15:3:40,23.6
15:3:41,23.6
15:3:42,23.6
15:3:43,23.6
15:3:45,23.6
15:3:46,23.6
15:3:47,23.6
15:3:48,23.6
15:3:49,23.6
15:3:50,23.6
15:3:51,23.6
15:3:52,23.6
15:3:53,23.6
15:3:55,23.6
15:3:56,23.6
15:3:57,23.6
15:3:58,23.6
15:3:59,23.6
15:4:0,23.6
15:4:2,23.6
15:4:3,23.6
15:4:4,23.6
15:4:5,23.6
15:4:6,23.6
15:4:8,23.6
15:4:9,23.6
15:4:10,23.6
15:4:11,23.6
15:4:12,23.6
15:4:13,23.6
15:4:14,23.6
15:4:16,23.6
15:4:17,23.6
15:4:18,23.6
15:4:19,23.6
15:4:20,23.6
15:4:21,23.6
15:4:22,23.6
15:4:23,23.6
15:4:25,23.6
15:4:26,23.6
15:4:27,23.6
15:4:28,23.6
15:4:29,23.6
15:4:30,23.6
15:4:32,23.6
15:4:33,23.6
15:4:34,23.6
15:4:35,23.6
15:4:36,23.6
15:4:37,23.6
15:4:39,23.6
15:4:40,23.6
15:4:41,23.6
15:4:42,23.6
15:4:43,23.6
15:4:44,23.6
15:4:45,23.6
15:4:46,23.6
15:4:48,23.6
15:4:49,23.1
15:4:50,23.1
15:4:51,23.1
15:4:52,23.1
15:4:53,23.1
15:4:55,23.1
15:4:56,23.1
15:4:57,23.1
15:4:58,23.1
15:4:59,23.1
15:5:0,23.1
15:5:2,23.1
15:5:3,23.1
15:5:4,23.1
15:5:5,23.1
15:5:6,23.1
15:5:7,23.1
15:5:9,23.1
15:5:10,23.1
15:5:11,23.1
15:5:12,23.1
15:5:14,23.1
15:5:15,23.1
15:5:16,23.1
15:5:17,23.1
15:5:18,23.1
15:5:19,23.1
15:5:21,23.1
15:5:22,23.1
15:5:23,23.1
15:5:24,23.1
15:5:25,23.1
15:5:26,23.1
15:5:27,23.1
15:5:28,23.1
15:5:30,23.1
15:5:31,23.1
15:5:32,23.1
15:5:33,23.1
15:5:34,23.1
15:5:35,23.1
15:5:36,23.1
15:5:37,23.1
15:5:38,23.1
15:5:40,23.1
15:5:41,23.1
15:5:42,23.1
15:5:43,23.1
15:5:44,23.1
15:5:45,23.1
15:5:46,23.1
15:5:48,23.1
15:5:49,23.1
15:5:50,23.1
15:5:51,23.1
15:5:52,23.1
15:5:53,23.1
15:5:55,23.1
15:5:56,23.1
15:5:57,23.1
15:5:58,23.1
15:5:59,23.1
15:6:0,23.1
15:6:1,23.1
15:6:3,23.1
15:6:4,23.1
15:6:5,23.1
15:6:6,23.1
15:6:7,23.1
15:6:9,23.1
15:6:10,23.1
15:6:11,23.1
15:6:12,23.1
15:6:13,23.1
15:6:15,23.1
15:6:16,23.1
15:6:17,23.1
15:6:18,23.1
15:6:19,23.1
15:6:20,23.1
15:6:21,23.1
15:6:22,23.1
15:6:24,23.1
15:6:25,23.1
15:6:26,23.1
15:6:27,23.1
15:6:28,23.1
15:6:30,23.1
15:6:31,23.1
15:6:32,23.1
15:6:33,23.1
15:6:34,23.1
15:6:36,23.1
15:6:37,23.1
15:6:38,23.1
15:6:39,23.1
15:6:40,23.1
15:6:42,23.1
15:6:43,23.1
15:6:44,23.1
15:6:45,23.1
15:6:46,23.1
15:6:47,23.1
15:6:48,23.1
15:6:50,23.1
15:6:51,23.1
15:6:52,23.1
15:6:53,23.1
15:6:54,23.1
15:6:55,23.1
15:6:56,23.1
15:6:58,23.1
15:6:59,23.1
15:7:0,23.1
15:7:1,23.1
15:7:2,23.1
15:7:4,23.1
15:7:5,23.1
15:7:6,23.1
15:7:7,23.1
15:7:8,23.1
15:7:10,23.1
15:7:11,23.1
15:7:12,23.1
15:7:13,23.1
15:7:14,23.1
15:7:15,23.1
15:7:16,23.1
15:7:18,23.1
15:7:19,23.1
15:7:20,23.1
15:7:21,23.1
15:7:23,23.1
15:7:24,23.1
15:7:25,23.1
15:7:26,23.1
15:7:27,23.1
15:7:29,23.1
15:7:30,23.1
15:7:31,23.1
15:7:32,23.1
15:7:33,23.1
15:7:34,23.1
15:7:36,23.1
15:7:37,23.1
15:7:38,23.1
15:7:39,23.1
15:7:41,23.1
15:7:42,23.1
15:7:43,23.1
15:7:44,23.1
15:7:45,23.1
15:7:46,23.1
15:7:47,23.1
15:7:48,23.1
15:7:50,23.1
15:7:51,23.1
15:7:52,23.1
15:7:53,23.1
15:7:54,23.1
15:7:55,23.1
15:7:57,23.1
15:7:58,23.1
15:7:59,23.1
15:8:0,23.1
15:8:1,23.1
15:8:2,23.1
15:8:4,23.1
15:8:5,23.1
15:8:6,23.1
15:8:7,23.1
15:8:8,23.1
15:8:9,23.1
15:8:11,23.1
15:8:12,23.1
15:8:13,23.1
15:8:14,23.1
15:8:15,23.1
15:8:17,23.1
15:8:18,23.1
15:8:19,23.1
15:8:20,23.1
15:8:21,23.1
15:8:22,23.1
15:8:24,23.1
15:8:25,23.1
15:8:26,23.1
15:8:27,23.1
15:8:28,23.1
15:8:30,23.1
15:8:31,23.1
15:8:32,23.1
15:8:33,23.1
15:8:34,23.1
15:8:35,23.1
15:8:37,23.1
15:8:38,23.1
15:8:39,23.1
15:8:40,23.1
15:8:41,23.1
15:8:42,23.1
15:8:44,23.1
15:8:45,23.1
15:8:46,23.1
15:8:47,23.1
15:8:49,23.1
15:8:50,23.1
15:8:51,23.1
15:8:52,23.1
15:8:53,23.1
15:8:54,23.1
15:8:56,23.1
15:8:57,23.1
15:8:58,23.1
15:8:59,23.1
15:9:0,23.1
15:9:1,23.1
15:9:2,23.1
15:9:4,23.1
15:9:5,23.1
15:9:6,23.1
15:9:7,23.1
15:9:9,23.1
15:9:10,23.1
15:9:11,23.1
15:9:12,23.1
15:9:13,23.1
15:9:14,23.1
15:9:15,23.1
15:9:17,23.1
15:9:18,23.1
15:9:19,23.1
15:9:20,23.1
15:9:21,23.1
15:9:22,23.1
15:9:24,23.1
15:9:25,23.1
15:9:26,23.1
15:9:27,23.1
15:9:28,23.1
15:9:29,23.1
15:9:30,23.1
15:9:31,23.1
15:9:33,23.1
15:9:34,23.1
15:9:35,23.1
15:9:36,23.1
15:9:37,23.1
15:9:38,23.1
15:9:39,23.1
15:9:40,23.1
15:9:41,23.1
15:9:43,23.1
15:9:44,23.1
15:9:45,23.1
15:9:46,23.1
15:9:47,23.1
15:9:48,23.1
15:9:49,23.1
15:9:50,23.1
15:9:52,23.1
15:9:53,23.1
15:9:54,23.1
15:9:55,23.1
15:9:56,23.1
15:9:57,23.1
15:9:58,23.1
15:9:59,23.1
15:10:1,23.1
15:10:2,23.1
15:10:3,23.1
15:10:4,23.1
15:10:5,23.1
15:10:6,23.1
15:10:8,23.1
15:10:9,23.1
15:10:10,23.1
15:10:11,23.1
15:10:12,23.1
15:10:14,23.1
15:10:15,23.1
15:10:16,23.1
15:10:17,23.1
15:10:18,23.1
15:10:19,23.1
15:10:21,23.1
15:10:22,23.1
15:10:23,23.1
15:10:24,23.1
15:10:25,23.1
15:10:27,23.1
15:10:28,23.1
15:10:29,23.1
15:10:30,23.1
15:10:31,23.1
15:10:32,23.1
15:10:33,23.1
15:10:35,23.1
15:10:36,23.1
15:10:37,23.1
15:10:38,23.1
15:10:39,23.1
15:10:40,23.1
15:10:41,23.1
15:10:43,23.1
15:10:44,23.1
15:10:45,23.1
15:10:46,23.1
15:10:47,23.1
15:10:48,23.1
15:10:49,23.1
15:10:51,23.1
15:10:52,23.1
15:10:53,23.1
15:10:54,23.1
15:10:55,23.1
15:10:56,23.1
15:10:57,23.1
15:10:58,23.1
15:10:59,23.1
15:11:1,23.1
15:11:2,23.1
15:11:3,23.1
15:11:5,23.1
15:11:6,23.1
15:11:7,23.1
15:11:8,23.1
15:11:9,23.1
15:11:11,23.1
15:11:12,23.1
15:11:13,23.1
15:11:14,23.1
15:11:15,23.1
15:11:16,23.1
15:11:17,23.1
15:11:19,23.1
15:11:20,23.1
15:11:21,23.1
15:11:22,23.1
15:11:23,23.1
15:11:24,23.1
15:11:25,23.1
15:11:26,23.1
15:11:27,23.1
15:11:29,23.1
15:11:30,23.1
15:11:31,23.1
15:11:32,23.1
15:11:33,23.1
15:11:34,23.1
15:11:35,23.1
15:11:36,23.1
15:11:37,23.1
15:11:39,23.1
15:11:40,23.1
15:11:41,23.1
15:11:42,23.1
15:11:43,23.1
15:11:44,23.1
15:11:45,23.1
15:11:47,23.1
15:11:48,23.1
15:11:49,23.1
15:11:50,23.1
15:11:51,23.1
15:11:52,23.1
15:11:54,23.1
15:11:55,23.1
15:11:56,23.1
15:11:57,23.1
15:11:58,23.1
15:11:59,23.1
15:12:0,23.1
15:12:2,23.1
15:12:3,23.1
15:12:4,23.1
15:12:5,23.1
15:12:6,23.1
15:12:7,23.1
15:12:9,23.1
15:12:10,23.1
15:12:11,23.1
15:12:12,23.1
15:12:13,23.1
15:12:14,23.1
15:12:15,23.1
15:12:17,23.1
15:12:18,23.1
15:12:19,23.1
15:12:20,23.1
15:12:21,23.1
15:12:22,23.1
15:12:24,23.1
15:12:25,23.1
15:12:26,23.1
15:12:27,23.1
15:12:28,23.1
15:12:29,23.1
15:12:31,23.1
15:12:32,23.1
15:12:33,23.1
15:12:34,23.1
15:12:36,23.1
15:12:37,23.1
15:12:38,23.1
15:12:39,23.1
15:12:40,23.1
15:12:42,23.1
15:12:43,23.1
15:12:44,23.1
15:12:45,23.1
15:12:46,23.1
15:12:47,23.1
15:12:49,23.1
15:12:50,23.1
15:12:51,23.1
15:12:52,23.1
15:12:53,23.1
15:12:55,23.1
15:12:56,23.1
15:12:57,23.1
15:12:58,23.1
15:12:59,23.1
15:13:0,23.1
15:13:2,23.1
15:13:3,23.1
15:13:4,23.1
15:13:5,23.1
15:13:6,23.1
15:13:7,23.1
15:13:9,23.1
15:13:10,23.1
15:13:11,23.1
15:13:12,23.1
15:13:13,23.1
15:13:15,23.1
15:13:16,23.1
15:13:17,23.1
15:13:18,23.1
15:13:19,23.1
15:13:20,23.1
15:13:21,23.1
15:13:22,23.1
15:13:24,23.1
15:13:25,23.1
15:13:26,23.1
15:13:27,23.1
15:13:28,23.1
15:13:29,23.1
15:13:31,23.1
15:13:32,23.1
15:13:33,23.1
15:13:34,23.1
15:13:35,23.1
15:13:37,23.1
15:13:38,23.1
15:13:39,23.1
15:13:40,23.1
15:13:41,23.1
15:13:42,23.1
15:13:44,23.1
15:13:45,23.1
15:13:46,23.1
15:13:47,23.1
15:13:48,23.1
15:13:49,23.1
15:13:51,23.1
15:13:52,23.1
15:13:53,23.1
15:13:54,23.1
15:13:56,23.1
15:13:57,23.1
15:13:58,23.1
15:13:59,23.1
15:14:0,23.1
15:14:1,23.1
15:14:2,23.1
15:14:3,23.1
15:14:4,23.1
15:14:6,23.1
15:14:7,23.1
15:14:8,23.1
15:14:9,23.1
15:14:10,23.1
15:14:11,23.1
15:14:12,23.1
15:14:13,23.1
15:14:15,23.1
15:14:16,23.1
15:14:17,23.1
15:14:18,23.1
15:14:19,23.1
15:14:20,23.1
15:14:21,23.1
15:14:23,23.1
15:14:24,23.1
15:14:25,23.1
15:14:26,23.1
15:14:27,23.1
15:14:28,23.1
15:14:30,23.1
15:14:31,23.1
15:14:32,23.1
15:14:33,23.1
15:14:34,23.1
15:14:35,23.1
15:14:37,23.1
15:14:38,23.1
15:14:39,23.1
15:14:40,23.1
15:14:41,23.1
15:14:42,23.1
15:14:43,23.1
15:14:45,23.1
15:14:46,23.1
15:14:47,23.1
15:14:48,23.1
15:14:49,23.1
15:14:51,23.1
15:14:52,23.1
15:14:53,23.1
15:14:54,23.1
15:14:55,23.1
15:14:56,23.1
15:14:58,23.1
15:14:59,23.1
15:15:0,23.1
15:15:1,23.1
15:15:2,23.1
15:15:3,23.1
15:15:5,23.1
15:15:6,23.1
15:15:7,23.1
15:15:8,23.1
15:15:9,23.1
15:15:10,23.1
15:15:12,23.1
15:15:13,23.1
15:15:14,23.1
15:15:15,23.1
15:15:16,23.1
15:15:17,23.1
15:15:18,23.1
15:15:19,23.1
15:15:21,23.1
15:15:22,23.1
15:15:23,23.1
15:15:24,23.1
15:15:26,23.1
15:15:27,23.1
15:15:28,23.1
15:15:29,23.1
15:15:30,23.1
15:15:32,23.1
15:15:33,23.1
15:15:34,23.1
15:15:35,23.1
15:15:36,23.1
15:15:37,23.1
15:15:38,23.1
15:15:40,23.1
15:15:41,23.1
15:15:42,23.1
15:15:43,23.1
15:15:45,23.1
15:15:46,23.1
15:15:47,23.1
15:15:48,23.1
15:15:49,23.1
15:15:50,23.1
15:15:52,23.1
15:15:53,23.1
15:15:54,23.1
15:15:55,23.1
15:15:56,23.1
15:15:58,23.1
15:15:59,23.1
15:16:0,23.1
15:16:1,23.1
15:16:2,23.1
15:16:3,23.1
15:16:5,23.1
15:16:6,23.1
15:16:7,23.1
15:16:8,23.1
15:16:9,23.1
15:16:11,23.1
15:16:12,23.1
15:16:13,23.1
15:16:14,23.1
15:16:15,23.1
15:16:16,23.1
15:16:17,23.1
15:16:19,23.1
15:16:20,23.1
15:16:21,23.1
15:16:22,23.1
15:16:23,23.1
15:16:24,23.1
15:16:25,23.1
15:16:26,23.1
15:16:28,23.1
15:16:29,23.1
15:16:30,23.1
15:16:31,23.1
15:16:32,23.1
15:16:34,23.1
15:16:35,23.1
15:16:36,23.1
15:16:37,23.1
15:16:39,23.1
15:16:40,23.1
15:16:41,23.1
15:16:42,23.1
15:16:43,23.1
15:16:44,23.1
15:16:46,23.1
15:16:47,23.1
15:16:48,23.1
15:16:49,23.1
15:16:50,23.1
15:16:51,23.1
15:16:52,23.1
15:16:54,23.1
15:16:55,23.1
15:16:56,23.1
15:16:57,23.1
15:16:59,23.1
15:17:0,23.1
15:17:1,23.1
15:17:2,23.1
15:17:4,23.1
15:17:5,23.1
15:17:6,23.1
15:17:7,23.1
15:17:8,23.1
15:17:9,23.1
15:17:11,23.1
15:17:12,23.1
15:17:13,23.1
15:17:14,23.1
15:17:15,23.1
15:17:16,23.1
15:17:18,23.1
15:17:19,23.1
15:17:20,23.1
15:17:21,23.1
15:17:22,23.1
15:17:24,23.1
15:17:25,23.1
15:17:26,23.1
15:17:27,23.1
15:17:28,23.1
15:17:29,23.1
15:17:31,23.1
15:17:32,23.1
15:17:33,23.1
15:17:34,23.1
15:17:35,23.1
15:17:36,23.1
15:17:38,23.1
15:17:39,23.1
15:17:40,23.1
15:17:41,23.1
15:17:42,23.1
15:17:44,23.1
15:17:45,23.1
15:17:46,23.1
15:17:47,23.1
15:17:48,23.1
15:17:49,23.1
15:17:51,23.1
15:17:52,23.1
15:17:53,23.1
15:17:54,23.1
15:17:56,23.1
15:17:57,23.1
15:17:58,23.1
15:17:59,23.1
15:18:0,23.1
15:18:1,23.1
15:18:2,23.1
15:18:3,23.1
15:18:5,23.1
15:18:6,23.1
15:18:7,23.1
15:18:8,23.1
15:18:9,23.1
15:18:10,23.1
15:18:11,23.1
15:18:13,23.1
15:18:14,23.1
15:18:15,23.1
15:18:16,23.1
15:18:17,23.1
15:18:18,23.1
15:18:19,23.1
15:18:21,23.1
15:18:22,23.1
15:18:23,23.1
15:18:24,23.1
15:18:26,23.1
15:18:27,23.1
15:18:28,23.1
15:18:29,23.1
15:18:31,23.1
15:18:32,23.1
15:18:33,23.1
15:18:34,23.1
15:18:35,23.1
15:18:37,23.1
15:18:38,23.1
15:18:39,23.1
15:18:40,23.1
15:18:41,23.1
15:18:42,23.1
15:18:44,23.1
15:18:45,23.1
15:18:46,23.1
15:18:47,23.1
15:18:48,23.1
15:18:49,23.1
15:18:51,23.1
15:18:52,23.1
15:18:53,23.1
15:18:54,23.1
15:18:56,23.1
15:18:57,23.1
15:18:58,23.1
15:18:59,23.1
15:19:1,23.1
15:19:2,23.1
15:19:3,23.1
15:19:4,23.1
15:19:5,23.1
15:19:6,23.1
15:19:8,23.1
15:19:9,23.1
15:19:10,23.1
15:19:11,23.1
15:19:12,23.1
15:19:14,23.1
15:19:15,23.1
15:19:16,23.1
15:19:17,23.1
15:19:18,23.1
15:19:19,23.1
15:19:21,23.1
15:19:22,23.1
15:19:23,23.1
15:19:24,23.1
15:19:25,23.1
15:19:26,23.1
15:19:27,23.1
15:19:28,23.1
15:19:30,23.1
15:19:31,23.1
15:19:32,23.1
15:19:33,23.1
15:19:34,23.1
15:19:35,23.1
15:19:37,23.1
15:19:38,23.1
15:19:39,23.1
15:19:40,23.1
15:19:41,23.1
15:19:42,23.1
15:19:43,23.1
15:19:45,23.1
15:19:46,23.1
15:19:47,23.1
15:19:48,23.1
15:19:49,23.1
15:19:50,23.1
15:19:52,23.1
15:19:53,23.1
15:19:54,23.1
15:19:55,23.1
15:19:56,23.1
15:19:57,23.1
15:19:59,23.1
15:20:0,23.1
15:20:1,23.0
15:20:2,23.0
15:20:3,23.0
15:20:4,23.0
15:20:5,23.0
15:20:7,23.0
15:20:8,23.0
15:20:9,23.0
15:20:10,23.0
15:20:11,23.0
15:20:12,23.0
15:20:14,23.0
15:20:15,23.0
15:20:16,23.0
15:20:17,23.0
15:20:18,23.0
15:20:19,23.0
15:20:21,23.0
15:20:22,23.0
15:20:23,23.0
15:20:24,23.0
15:20:26,23.0
15:20:27,23.0
15:20:28,23.0
15:20:29,23.0
15:20:30,23.0
15:20:31,23.0
15:20:33,23.0
15:20:34,23.0
15:20:35,23.0
15:20:36,23.0
15:20:37,23.0
15:20:38,23.0
15:20:40,23.0
15:20:41,23.0
15:20:42,23.0
15:20:43,23.0
15:20:44,23.0
15:20:46,23.0
15:20:47,23.0
15:20:48,23.0
15:20:49,23.0
15:20:51,23.0
15:20:52,23.0
15:20:53,23.0
15:20:54,23.0
15:20:55,23.0
15:20:57,23.0
15:20:58,23.0
15:20:59,23.0
15:21:0,23.0
15:21:1,23.0
15:21:2,23.0
15:21:4,23.0
15:21:5,23.0
15:21:6,23.0
15:21:7,23.0
15:21:8,23.0
15:21:9,23.0
15:21:11,23.0
15:21:12,23.0
15:21:13,23.0
15:21:14,23.0
15:21:16,23.0
15:21:17,23.0
15:21:18,23.0
15:21:19,23.0
15:21:20,23.0
15:21:21,23.0
15:21:22,23.0
15:21:23,23.0
15:21:25,23.0
15:21:26,23.0
15:21:27,23.0
15:21:28,23.0
15:21:29,23.0
15:21:30,23.0
15:21:32,23.0
15:21:33,23.0
15:21:34,23.0
15:21:35,23.0
15:21:36,23.0
15:21:38,23.0
15:21:39,23.0
15:21:40,23.0
15:21:41,23.0
15:21:42,23.0
15:21:43,23.0
15:21:45,23.0
15:21:46,23.0
15:21:47,23.0
15:21:48,23.0
15:21:49,23.0
15:21:50,23.0
15:21:52,23.0
15:21:53,23.0
15:21:54,23.0
15:21:55,23.0
15:21:56,23.0
15:21:57,23.0
15:21:58,23.0
15:22:0,23.0
15:22:1,23.0
15:22:2,23.0
15:22:3,23.0
15:22:4,23.0
15:22:6,23.0
15:22:7,23.0
15:22:8,23.0
15:22:9,23.0
15:22:10,23.0
15:22:11,23.0
15:22:13,23.0
15:22:14,23.0
15:22:15,23.0
15:22:16,23.0
15:22:17,23.0
15:22:18,23.0
15:22:20,23.0
15:22:21,23.0
15:22:22,23.0
15:22:23,23.0
15:22:24,23.0
15:22:25,23.0
15:22:27,23.0
15:22:28,23.0
15:22:29,23.0
15:22:30,23.0
15:22:31,23.0
15:22:32,23.0
15:22:33,23.0
15:22:35,23.0
15:22:36,23.0
15:22:37,23.0
15:22:38,23.0
15:22:39,23.0
15:22:41,23.0
15:22:42,23.0
15:22:43,23.0
15:22:44,23.0
15:22:45,23.0
15:22:46,23.0
15:22:48,23.0
15:22:49,23.0
15:22:50,23.0
15:22:51,23.0
15:22:52,23.0
15:22:54,23.0
15:22:55,23.0
15:22:56,23.0
15:22:57,23.0
15:22:58,23.0
15:22:59,23.0
15:23:1,23.0
15:23:2,23.0
15:23:3,23.0
15:23:4,23.0
15:23:6,23.0
15:23:7,23.0
15:23:8,23.0
15:23:9,23.0
15:23:10,23.0
15:23:11,23.0
15:23:12,23.0
15:23:14,23.0
15:23:15,23.0
15:23:16,23.0
15:23:17,23.0
15:23:18,23.0
15:23:19,23.0
15:23:20,23.0
15:23:22,23.0
15:23:23,23.0
15:23:24,23.0
15:23:25,23.0
15:23:26,23.0
15:23:27,23.0
15:23:29,23.0
15:23:30,23.0
15:23:31,23.0
15:23:32,23.0
15:23:33,23.0
15:23:34,23.0
15:23:36,23.0
15:23:37,23.0
15:23:38,23.0
15:23:39,23.0
15:23:40,23.0
15:23:41,23.0
15:23:43,23.0
15:23:44,23.0
15:23:45,23.0
15:23:46,23.0
15:23:47,23.0
15:23:48,23.0
15:23:49,23.0
15:23:51,23.0
15:23:52,23.0
15:23:53,23.0
15:23:54,23.0
15:23:55,23.0
15:23:56,23.0
15:23:57,23.0
15:23:59,23.0
15:24:0,23.0
15:24:1,23.0
15:24:2,23.0
15:24:3,23.0
15:24:4,23.0
15:24:6,23.0
15:24:7,23.0
15:24:8,23.0
15:24:9,23.0
15:24:10,23.0
15:24:11,23.0
15:24:13,23.0
15:24:14,23.0
15:24:15,23.0
15:24:16,23.0
15:24:17,23.0
15:24:18,23.0
15:24:19,23.0
15:24:21,23.0
15:24:22,23.0
15:24:23,23.0
15:24:24,23.0
15:24:25,23.0
15:24:26,23.0
15:24:27,23.0
15:24:29,23.0
15:24:30,23.0
15:24:31,23.0
15:24:32,23.0
15:24:33,23.0
15:24:35,23.0
15:24:36,23.0
15:24:37,23.0
15:24:38,23.0
15:24:39,23.0
15:24:40,23.0
15:24:42,23.0
15:24:43,23.0
15:24:44,23.0
15:24:45,23.0
15:24:46,23.0
15:24:47,23.0
15:24:49,23.0
15:24:50,23.0
15:24:51,23.0
15:24:52,23.0
15:24:53,23.0
15:24:55,23.0
15:24:56,23.0
15:24:57,23.0
15:24:58,23.0
15:24:59,23.0
15:25:1,23.0
15:25:2,23.0
15:25:3,23.0
15:25:4,23.0
15:25:5,23.0
15:25:7,23.0
15:25:8,23.0
15:25:9,23.0
15:25:10,23.0
15:25:11,23.0
15:25:12,23.0
15:25:14,23.0
15:25:15,23.0
15:25:16,23.0
15:25:17,23.0
15:25:18,23.0
15:25:19,23.0
15:25:21,23.0
15:25:22,23.0
15:25:23,23.0
15:25:24,23.0
15:25:25,23.0
15:25:27,23.0
15:25:28,23.0
15:25:29,23.0
15:25:30,23.0
15:25:31,23.0
15:25:32,23.0
15:25:33,23.0
15:25:35,23.0
15:25:36,23.0
15:25:37,23.0
15:25:38,23.0
15:25:39,23.0
15:25:40,23.0
15:25:42,23.0
15:25:43,23.0
15:25:44,23.0
15:25:45,23.0
15:25:46,23.0
15:25:47,23.0
15:25:48,23.0
15:25:50,23.0
15:25:51,23.0
15:25:52,23.0
15:25:53,23.0
15:25:54,23.0
15:25:55,23.0
15:25:57,23.0
15:25:58,23.0
15:25:59,23.0
15:26:0,23.0
15:26:1,23.0
15:26:2,23.0
15:26:4,23.0
15:26:5,23.0
15:26:6,23.0
15:26:7,23.0
15:26:8,23.0
15:26:9,23.0
15:26:10,23.0
15:26:12,23.0
15:26:13,23.0
15:26:14,23.0
15:26:15,23.0
15:26:16,23.0
15:26:17,23.0
15:26:18,23.0
15:26:20,23.0
15:26:21,23.0
15:26:22,23.0
15:26:23,23.0
15:26:24,23.0
15:26:25,23.0
15:26:27,23.0
15:26:28,23.0
15:26:29,23.0
15:26:30,23.0
15:26:31,23.0
15:26:32,23.0
15:26:33,23.0
15:26:35,23.0
15:26:36,23.0
15:26:37,23.0
15:26:38,23.0
15:26:39,23.0
15:26:41,23.0
15:26:42,23.0
15:26:43,23.0
15:26:44,23.0
15:26:45,23.0
15:26:47,23.0
15:26:48,23.0
15:26:49,23.0
15:26:50,23.0
15:26:51,23.0
15:26:52,23.0
15:26:54,23.0
15:26:55,23.0
15:26:56,23.0
15:26:57,23.0
15:26:58,23.0
15:26:59,23.0
15:27:1,23.0
15:27:2,23.0
15:27:3,23.0
15:27:4,23.0
15:27:5,23.0
15:27:7,23.0
15:27:8,23.0
15:27:9,23.0
15:27:10,23.0
15:27:11,23.0
15:27:12,23.0
15:27:13,23.0
15:27:15,23.0
15:27:16,23.0
15:27:17,23.0
15:27:18,23.0
15:27:19,23.0
15:27:20,23.0
15:27:22,23.0
15:27:23,23.0
15:27:24,23.0
15:27:25,23.0
15:27:26,23.0
15:27:27,23.0
15:27:28,23.0
15:27:30,23.0
15:27:31,23.0
15:27:32,23.0
15:27:33,23.0
15:27:34,23.0
15:27:36,23.0
15:27:37,23.0
15:27:38,23.0
15:27:39,23.0
15:27:40,23.0
15:27:42,23.0
15:27:43,23.0
15:27:44,23.0
15:27:45,23.0
15:27:46,23.0
15:27:47,23.0
15:27:48,23.0
15:27:50,23.0
15:27:51,23.0
15:27:52,23.0
15:27:53,23.0
15:27:54,23.0
15:27:55,23.0
15:27:57,23.0
15:27:58,23.0
15:27:59,23.0
15:28:0,23.0
15:28:1,23.0
15:28:2,23.0
15:28:3,23.0
15:28:5,23.0
15:28:6,23.0
15:28:7,23.0
15:28:8,23.0
15:28:9,23.0
15:28:10,23.0
15:28:12,23.0
15:28:13,23.0
15:28:14,23.0
15:28:15,23.0
15:28:16,23.0
15:28:18,23.0
15:28:19,23.0
15:28:20,23.0
15:28:21,23.0
15:28:22,23.0
15:28:23,23.0
15:28:24,23.0
15:28:26,23.0
15:28:27,23.0
15:28:28,23.0
15:28:29,23.0
15:28:30,23.0
15:28:31,23.0
15:28:32,23.0
15:28:34,23.0
15:28:35,23.0
15:28:36,23.0
15:28:37,23.0
15:28:38,23.0
15:28:40,23.0
15:28:41,23.0
15:28:42,23.0
15:28:43,23.0
15:28:45,23.0
15:28:46,23.0
15:28:47,23.0
15:28:48,23.0
15:28:49,23.0
15:28:50,23.0
15:28:51,23.0
15:28:52,23.0
15:28:54,23.0
15:28:55,23.0
15:28:56,23.0
15:28:57,23.0
15:28:58,23.0
15:29:0,23.0
15:29:1,23.0
15:29:2,23.0
15:29:3,23.0
15:29:4,23.0
15:29:5,23.0
15:29:6,23.0
15:29:7,23.0
15:29:9,23.0
15:29:10,23.0
15:29:11,23.0
15:29:12,23.0
15:29:13,23.0
15:29:15,23.0
15:29:16,23.0
15:29:17,23.0
15:29:18,23.0
15:29:19,23.0
15:29:20,23.0
15:29:21,23.0
15:29:23,23.0
15:29:24,23.0
15:29:25,23.0
15:29:26,23.0
15:29:27,23.0
15:29:28,23.0
15:29:30,23.0
15:29:31,23.0
15:29:32,23.0
15:29:33,23.0
15:29:34,23.0
15:29:35,23.0
15:29:37,23.0
15:29:38,23.0
15:29:39,23.0
15:29:40,23.0
15:29:41,23.0
15:29:42,23.0
15:29:44,23.0
15:29:45,23.0
15:29:46,23.0
15:29:47,23.0
15:29:48,23.0
15:29:50,23.0
15:29:51,23.0
15:29:52,23.0
15:29:53,23.0
15:29:54,23.0
15:29:56,23.0
15:29:57,23.0
15:29:58,23.0
15:29:59,23.0
15:30:0,23.0
15:30:1,23.0
15:30:2,23.0
15:30:4,23.0
15:30:5,23.0
15:30:6,23.0
15:30:7,23.0
15:30:8,23.0
15:30:9,23.0
15:30:11,23.0
15:30:12,23.0
15:30:13,23.0
15:30:14,23.0
15:30:15,23.0
15:30:17,23.0
15:30:18,23.0
15:30:19,23.0
15:30:20,23.0
15:30:21,23.0
15:30:22,23.0
15:30:24,23.0
15:30:25,23.0
15:30:26,23.0
15:30:27,23.0
15:30:28,23.0
15:30:29,23.0
15:30:31,23.0
15:30:32,23.0
15:30:33,23.0
15:30:34,23.0
15:30:36,23.0
15:30:37,23.0
15:30:38,23.0
15:30:39,23.0
15:30:40,23.0
15:30:41,23.0
15:30:43,23.0
15:30:44,23.0
15:30:45,23.0
15:30:46,23.0
15:30:47,23.0
15:30:49,23.0
15:30:50,23.0
15:30:51,23.0
15:30:52,23.0
15:30:53,23.0
15:30:54,23.0
15:30:56,23.0
15:30:57,23.0
15:30:58,23.0
15:30:59,23.0
15:31:0,23.0
15:31:2,23.0
15:31:3,23.0
15:31:4,23.0
15:31:5,23.0
15:31:6,23.0
15:31:7,23.0
15:31:8,23.0
15:31:10,23.0
15:31:11,23.0
15:31:12,23.0
15:31:13,23.0
15:31:14,23.0
15:31:16,23.0
15:31:17,23.0
15:31:18,23.0
15:31:19,23.0
15:31:20,23.0
15:31:21,23.0
15:31:22,23.0
15:31:24,23.0
15:31:25,23.0
15:31:26,23.0
15:31:27,23.0
15:31:28,23.0
15:31:30,23.0
15:31:31,23.0
15:31:32,23.0
15:31:33,23.0
15:31:34,23.0
15:31:35,23.0
15:31:37,23.0
15:31:38,23.0
15:31:39,23.0
15:31:40,23.0
15:31:41,23.0
15:31:43,23.0
15:31:44,23.0
15:31:45,23.0
15:31:46,23.0
15:31:47,23.0
15:31:49,23.0
15:31:50,23.0
15:31:51,23.0
15:31:52,23.0
15:31:53,23.0
15:31:54,23.0
15:31:56,23.0
15:31:57,23.0
15:31:58,23.0
15:31:59,23.0
15:32:10,23.0
15:32:11,23.0
15:32:12,23.0
15:32:13,23.0
15:32:14,23.0
15:32:16,23.0
15:32:17,23.0
15:32:18,23.0
15:32:19,23.0
15:32:21,23.0
15:32:22,23.0
15:32:23,23.0
15:32:24,23.0
15:32:25,23.0
15:32:27,23.0
15:32:28,23.0
15:32:29,23.0
15:32:30,23.0
15:32:31,23.0
15:32:32,23.0
15:32:33,23.0
15:32:35,23.0
15:32:36,23.0
15:32:37,23.0
15:32:38,23.0
15:32:39,23.0
15:32:41,23.0
15:32:42,23.0
15:32:43,23.0
15:32:44,23.0
15:32:45,23.0
15:32:47,23.0
15:32:48,23.0
15:32:49,23.0
15:32:50,23.0
15:32:51,23.0
15:32:52,23.0
15:32:53,23.0
15:32:55,23.0
15:32:56,23.0
15:32:57,23.0
15:32:58,23.0
15:32:59,23.0
15:33:1,23.0
15:33:2,23.0
15:33:3,23.0
15:33:4,23.0
15:33:5,23.0
15:33:6,23.0
15:33:8,23.0
15:33:9,23.0
15:33:10,23.0
15:33:11,23.0
15:33:12,23.0
15:33:13,23.0
15:33:15,23.0
15:33:16,23.0
15:33:17,23.0
15:33:18,23.0
15:33:19,23.0
15:33:21,23.0
15:33:22,23.0
15:33:23,23.0
15:33:24,23.0
15:33:25,23.0
15:33:26,23.0
15:33:27,23.0
15:33:29,23.0
15:33:30,23.0
15:33:31,23.0
15:33:32,23.0
15:33:33,23.0
15:33:34,23.0
15:33:36,23.0
15:33:37,23.0
15:33:38,23.0
15:33:39,23.0
15:33:40,23.0
15:33:41,23.0
15:33:42,23.0
15:33:44,23.0
15:33:45,23.0
15:33:46,23.0
15:33:47,23.0
15:33:48,23.0
15:33:49,23.0
15:33:51,23.0
15:33:52,23.0
15:33:53,23.0
15:33:54,23.0
15:33:55,23.0
15:33:56,23.0
15:33:57,23.0
15:33:59,23.0
15:34:0,23.0
15:34:1,23.0
15:34:2,23.0
15:34:3,23.0
15:34:4,23.0
15:34:6,23.0
15:34:7,23.0
15:34:8,23.0
15:34:9,23.0
15:34:11,23.0
15:34:12,23.0
15:34:13,23.0
15:34:14,23.0
15:34:15,23.0
15:34:16,23.0
15:34:17,23.0
15:34:19,23.0
15:34:20,23.0
15:34:21,23.0
15:34:23,23.0
15:34:24,23.0
15:34:25,23.0
15:34:26,23.0
15:34:27,23.0
15:34:28,23.0
15:34:30,23.0
15:34:31,23.0
15:34:32,23.0
15:34:33,23.0
15:34:34,23.0
15:34:36,23.0
15:34:37,23.0
15:34:38,23.0
15:34:39,23.0
15:34:40,23.0
15:34:41,23.0
15:34:43,23.0
15:34:44,23.0
15:34:45,23.0
15:34:46,23.0
15:34:47,23.0
15:34:49,23.0
15:34:50,23.0
15:34:51,23.0
15:34:52,23.0
15:34:53,23.0
15:34:54,23.0
15:34:56,23.0
15:34:57,23.0
15:34:58,23.0
15:34:59,23.0
15:35:0,22.9
15:35:1,22.9
15:35:2,22.9
15:35:4,22.9
15:35:5,22.9
15:35:6,22.9
15:35:7,22.9
15:35:8,22.9
15:35:9,22.9
15:35:10,22.9
15:35:12,22.9
15:35:13,22.9
15:35:14,22.9
15:35:15,22.9
15:35:16,22.9
15:35:17,22.9
15:35:19,22.9
15:35:20,22.9
15:35:21,22.9
15:35:22,22.9
15:35:23,22.9
15:35:25,22.9
15:35:26,22.9
15:35:27,22.9
15:35:28,22.9
15:35:29,22.9
15:35:31,22.9
15:35:32,22.9
15:35:33,22.9
15:35:34,22.9
15:35:35,22.9
15:35:37,22.9
15:35:38,22.9
15:35:39,22.9
15:35:40,22.9
15:35:41,22.9
15:35:42,22.9
15:35:43,22.9
15:35:45,22.9
15:35:46,22.9
15:35:47,22.9
15:35:48,22.9
15:35:49,22.9
15:35:51,22.9
15:35:52,22.9
15:35:53,22.9
15:35:54,22.9
15:35:55,22.9
15:35:57,22.9
15:35:58,22.9
15:35:59,22.9
15:36:0,22.9
15:36:1,22.9
15:36:2,22.9
15:36:3,22.9
15:36:5,22.9
15:36:6,22.9
15:36:7,22.9
15:36:8,22.9
15:36:9,22.9
15:36:11,22.9
15:36:12,22.9
15:36:13,22.9
15:36:14,22.9
15:36:15,22.9
15:36:16,22.9
15:36:17,22.9
15:36:18,22.9
15:36:20,22.9
15:36:21,22.9
15:36:22,22.9
15:36:23,22.9
15:36:24,22.9
15:36:26,22.9
15:36:27,22.9
15:36:28,22.9
15:36:29,22.9
15:36:30,22.9
15:36:32,22.9
15:36:33,22.9
15:36:34,22.9
15:36:35,22.9
15:36:36,22.9
15:36:37,22.9
15:36:38,22.9
15:36:40,22.9
15:36:41,22.9
15:36:42,22.9
15:36:43,22.9
15:36:44,22.9
15:36:46,22.9
15:36:47,22.9
15:36:48,22.9
15:36:49,22.9
15:36:50,22.9
15:36:51,22.9
15:36:52,22.9
15:36:54,22.9
15:36:55,22.9
15:36:56,22.9
15:36:57,22.9
15:36:58,22.9
15:36:59,22.9
15:37:1,22.9
15:37:2,22.9
15:37:3,22.9
15:37:4,22.9
15:37:5,22.9
15:37:7,22.9
15:37:8,22.9
15:37:9,22.9
15:37:10,22.9
15:37:11,22.9
15:37:12,22.9
15:37:14,22.9
15:37:15,22.9
15:37:16,22.9
15:37:17,22.9
15:37:18,22.9
15:37:19,22.9
15:37:21,22.9
15:37:22,22.9
15:37:23,22.9
15:37:24,22.9
15:37:25,22.9
15:37:26,22.9
15:37:28,22.9
15:37:29,22.9
15:37:30,22.9
15:37:31,22.9
15:37:32,22.9
15:37:33,22.9
15:37:35,22.9
15:37:36,22.9
15:37:37,22.9
15:37:38,22.9
15:37:39,22.9
15:37:40,22.9
15:37:42,22.9
15:37:43,22.9
15:37:44,22.9
15:37:45,22.9
15:37:46,22.9
15:37:47,22.9
15:37:49,22.9
15:37:50,22.9
15:37:51,22.9
15:37:52,22.9
15:37:53,22.9
15:37:54,22.9
15:37:55,22.9
15:37:57,22.9
15:37:58,22.9
15:37:59,22.9
15:38:0,22.9
15:38:1,22.9
15:38:2,22.9
15:38:4,22.9
15:38:5,22.9
15:38:6,22.9
15:38:7,22.9
15:38:8,22.9
15:38:9,22.9
15:38:10,22.9
15:38:12,22.9
15:38:13,22.9
15:38:14,22.9
15:38:15,22.9
15:38:16,22.9
15:38:17,22.9
15:38:19,22.9
15:38:20,22.9
15:38:21,22.9
15:38:22,22.9
15:38:23,22.9
15:38:25,22.9
15:38:26,22.9
15:38:27,22.9
15:38:28,22.9
15:38:29,22.9
15:38:31,22.9
15:38:32,22.9
15:38:33,22.9
15:38:34,22.9
15:38:35,22.9
15:38:37,22.9
15:38:38,22.9
15:38:39,22.9
15:38:40,22.9
15:38:41,22.9
15:38:42,22.9
15:38:44,22.9
15:38:45,22.9
15:38:46,22.9
15:38:47,22.9
15:38:48,22.9
15:38:49,22.9
15:38:51,22.9
15:38:52,22.9
15:38:53,22.9
15:38:54,22.9
15:38:55,22.9
15:38:56,22.9
15:38:57,22.9
15:38:59,22.9
15:39:0,22.9
15:39:1,22.9
15:39:2,22.9
15:39:3,22.9
15:39:4,22.9
15:39:6,22.9
15:39:7,22.9
15:39:8,22.9
15:39:9,22.9
15:39:10,22.9
15:39:11,22.9
15:39:12,22.9
15:39:14,22.9
15:39:15,22.9
15:39:16,22.9
15:39:17,22.9
15:39:18,22.9
15:39:19,22.9
15:39:20,22.9
15:39:22,22.9
15:39:23,22.9
15:39:24,22.9
15:39:25,22.9
15:39:27,22.9
15:39:28,22.9
15:39:29,22.9
15:39:30,22.9
15:39:31,22.9
15:39:32,22.9
15:39:33,22.9
15:39:35,22.9
15:39:36,22.9
15:39:37,22.9
15:39:38,22.9
15:39:39,22.9
15:39:40,22.9
15:39:42,22.9
15:39:43,22.9
15:39:44,22.9
15:39:45,22.9
15:39:46,22.9
15:39:47,22.9
15:39:48,22.9
15:39:50,22.9
15:39:51,22.9
15:39:52,22.9
15:39:53,22.9
15:39:54,22.9
15:39:55,22.9
15:39:57,22.9
15:39:58,22.9
15:39:59,22.9
15:40:0,22.9
15:40:1,22.9
15:40:3,22.9
15:40:4,22.9
15:40:5,22.9
15:40:6,22.9
15:40:7,22.9
15:40:8,22.9
15:40:9,22.9
15:40:11,22.9
15:40:12,22.9
15:40:13,22.9
15:40:14,22.9
15:40:15,22.9
15:40:17,22.9
15:40:18,22.9
15:40:19,22.9
15:40:20,22.9
15:40:22,22.9
15:40:23,22.9
15:40:24,22.9
15:40:25,22.9
15:40:27,22.9
15:40:28,22.9
15:40:29,22.9
15:40:30,22.9
15:40:31,22.9
15:40:32,22.9
15:40:33,22.9
15:40:35,22.9
15:40:36,22.9
15:40:37,22.9
15:40:38,22.9
15:40:39,22.9
15:40:40,22.9
15:40:42,22.9
15:40:43,22.9
15:40:44,22.9
15:40:45,22.9
15:40:46,22.9
15:40:47,22.9
15:40:48,22.9
15:40:50,22.9
15:40:51,22.9
15:40:52,22.9
15:40:53,22.9
15:40:54,22.9
15:40:55,22.9
15:40:56,22.9
15:40:58,22.9
15:40:59,22.9
15:41:0,22.9
15:41:1,22.9
15:41:2,22.9
15:41:3,22.9
15:41:5,22.9
15:41:6,22.9
15:41:7,22.9
15:41:8,22.9
15:41:9,22.9
15:41:10,22.9
15:41:11,22.9
15:41:13,22.9
15:41:14,22.9
15:41:15,22.9
15:41:16,22.9
15:41:17,22.9
15:41:18,22.9
15:41:20,22.9
15:41:21,22.9
15:41:22,22.9
15:41:23,22.9
15:41:24,22.9
15:41:25,22.9
15:41:27,22.9
15:41:28,22.9
15:41:29,22.9
15:41:30,22.9
15:41:31,22.9
15:41:32,22.9
15:41:33,22.9
15:41:35,22.9
15:41:36,22.9
15:41:37,22.9
15:41:38,22.9
15:41:39,22.9
15:41:40,22.9
15:41:42,22.9
15:41:43,22.9
15:41:44,22.9
15:41:45,22.9
15:41:46,22.9
15:41:47,22.9
15:41:48,22.9
15:41:50,22.9
15:41:51,22.9
15:41:52,22.9
15:41:53,22.9
15:41:54,22.9
15:41:55,22.9
15:41:57,22.9
15:41:58,22.9
15:41:59,22.9
15:42:0,22.9
15:42:1,22.9
15:42:2,22.9
15:42:3,22.9
15:42:5,22.9
15:42:6,22.9
15:42:7,22.9
15:42:8,22.9
15:42:9,22.9
15:42:10,22.9
15:42:12,22.9
15:42:13,22.9
15:42:14,22.9
15:42:15,22.9
15:42:16,22.9
15:42:17,22.9
15:42:18,22.9
15:42:20,22.9
15:42:21,22.9
15:42:22,22.9
15:42:23,22.9
15:42:24,22.9
15:42:25,22.9
15:42:27,22.9
15:42:28,22.9
15:42:29,22.9
15:42:30,22.9
15:42:31,22.9
15:42:32,22.9
15:42:33,22.9
15:42:35,22.9
15:42:36,22.9
15:42:37,22.9
15:42:38,22.9
15:42:39,22.9
15:42:40,22.9
15:42:42,22.9
15:42:43,22.9
15:42:44,22.9
15:42:45,22.9
15:42:46,22.9
15:42:47,22.9
15:42:48,22.9
15:42:50,22.9
15:42:51,22.9
15:42:52,22.9
15:42:53,22.9
15:42:54,22.9
15:42:56,22.9
15:42:57,22.9
15:42:58,22.9
15:42:59,22.9
15:43:0,22.9
15:43:1,22.9
15:43:2,22.9
15:43:4,22.9
15:43:5,22.9
15:43:6,22.9
15:43:7,22.9
15:43:8,22.9
15:43:9,22.9
15:43:10,22.9
15:43:12,22.9
15:43:13,22.9
15:43:14,22.9
15:43:15,22.9
15:43:16,22.9
15:43:17,22.9
15:43:18,22.9
15:43:20,22.9
15:43:21,22.9
15:43:22,22.9
15:43:23,22.9
15:43:24,22.9
15:43:26,22.9
15:43:27,22.9
15:43:28,22.9
15:43:29,22.9
15:43:30,22.9
15:43:31,22.9
15:43:33,22.9
15:43:34,22.9
15:43:35,22.9
15:43:36,22.9
15:43:37,22.9
15:43:38,22.9
15:43:40,22.9
15:43:41,22.9
15:43:42,22.9
15:43:43,22.9
15:43:44,22.9
15:43:45,22.9
15:43:46,22.9
15:43:48,22.9
15:43:49,22.9
15:43:50,22.9
15:43:51,22.9
15:43:52,22.9
15:43:53,22.9
15:43:55,22.9
